-- MySQL dump 10.13  Distrib 8.0.29, for Win64 (x86_64)
--
-- Host: 127.0.0.1    Database: mydb
-- ------------------------------------------------------
-- Server version	8.0.29

/*!40101 SET @OLD_CHARACTER_SET_CLIENT=@@CHARACTER_SET_CLIENT */;
/*!40101 SET @OLD_CHARACTER_SET_RESULTS=@@CHARACTER_SET_RESULTS */;
/*!40101 SET @OLD_COLLATION_CONNECTION=@@COLLATION_CONNECTION */;
/*!50503 SET NAMES utf8 */;
/*!40103 SET @OLD_TIME_ZONE=@@TIME_ZONE */;
/*!40103 SET TIME_ZONE='+00:00' */;
/*!40014 SET @OLD_UNIQUE_CHECKS=@@UNIQUE_CHECKS, UNIQUE_CHECKS=0 */;
/*!40014 SET @OLD_FOREIGN_KEY_CHECKS=@@FOREIGN_KEY_CHECKS, FOREIGN_KEY_CHECKS=0 */;
/*!40101 SET @OLD_SQL_MODE=@@SQL_MODE, SQL_MODE='NO_AUTO_VALUE_ON_ZERO' */;
/*!40111 SET @OLD_SQL_NOTES=@@SQL_NOTES, SQL_NOTES=0 */;

--
-- Table structure for table `chat`
--

DROP TABLE IF EXISTS `chat`;
/*!40101 SET @saved_cs_client     = @@character_set_client */;
/*!50503 SET character_set_client = utf8mb4 */;
CREATE TABLE `chat` (
  `id` int NOT NULL AUTO_INCREMENT,
  `chat_name` varchar(40) NOT NULL,
  `description` varchar(45) DEFAULT NULL,
  `rating` float DEFAULT NULL,
  `create_time` timestamp NULL DEFAULT CURRENT_TIMESTAMP,
  `country_id` int NOT NULL DEFAULT '1',
  `modes_id` int NOT NULL DEFAULT '1',
  PRIMARY KEY (`id`,`country_id`,`modes_id`),
  KEY `fk_chat_country1_idx` (`country_id`),
  KEY `fk_chat_modes1_idx` (`modes_id`),
  CONSTRAINT `fk_chat_country1` FOREIGN KEY (`country_id`) REFERENCES `country` (`id`),
  CONSTRAINT `fk_chat_modes1` FOREIGN KEY (`modes_id`) REFERENCES `modes` (`id`)
) ENGINE=InnoDB AUTO_INCREMENT=761 DEFAULT CHARSET=utf8mb4 COLLATE=utf8mb4_0900_ai_ci;
/*!40101 SET character_set_client = @saved_cs_client */;

--
-- Dumping data for table `chat`
--

LOCK TABLES `chat` WRITE;
/*!40000 ALTER TABLE `chat` DISABLE KEYS */;
INSERT INTO `chat` VALUES (1,'chat1','description1',4.4707,'2022-06-22 03:18:39',13,14),(2,'chat2','description2',3.86603,'2022-06-22 03:18:39',1,19),(4,'chat4','description4',2.36556,'2022-06-22 03:18:39',9,5),(5,'chat5','description5',3.42989,'2022-06-22 03:18:39',8,10),(6,'chat6','description6',2.53266,'2022-06-22 03:18:39',11,2),(7,'chat7','description7',4.29009,'2022-06-22 03:18:39',1,3),(8,'chat8','description8',1.27928,'2022-06-22 03:18:39',20,14),(9,'chat9','description9',2.76612,'2022-06-22 03:18:39',19,15),(10,'chat10','description10',3.89006,'2022-06-22 03:18:39',12,2),(11,'chat11','description11',3.43584,'2022-06-22 03:18:39',7,4),(12,'chat12','description12',3.8485,'2022-06-22 03:18:39',7,7),(13,'chat13','description13',1.78005,'2022-06-22 03:18:39',11,6),(14,'chat14','description14',2.73461,'2022-06-22 03:18:39',8,8),(15,'chat15','description15',1.47451,'2022-06-22 03:18:39',13,13),(16,'chat16','description16',3.5966,'2022-06-22 03:18:39',8,19),(17,'chat17','description17',1.80332,'2022-06-22 03:18:39',12,15),(18,'chat18','description18',4.74092,'2022-06-22 03:18:39',20,18),(19,'chat19','description19',0.377004,'2022-06-22 03:18:39',6,5),(20,'chat20','description20',4.25748,'2022-06-22 03:18:39',12,17),(21,'chat21','description21',2.08602,'2022-06-22 03:18:39',2,4),(22,'chat22','description22',1.04993,'2022-06-22 03:18:39',4,13),(23,'chat23','description23',1.32243,'2022-06-22 03:18:39',12,18),(24,'chat24','description24',2.62854,'2022-06-22 03:18:39',12,15),(25,'chat25','description25',4.20916,'2022-06-22 03:18:39',4,15),(26,'chat26','description26',2.55636,'2022-06-22 03:18:39',2,19),(27,'chat27','description27',1.24443,'2022-06-22 03:18:39',8,1),(28,'chat28','description28',0.0447658,'2022-06-22 03:18:39',8,19),(29,'chat29','description29',3.21436,'2022-06-22 03:18:39',7,14),(30,'chat30','description30',0.00508555,'2022-06-22 03:18:39',1,10),(31,'chat31','description31',0.652168,'2022-06-22 03:18:39',4,12),(32,'chat32','description32',1.41721,'2022-06-22 03:18:39',6,10),(33,'chat33','description33',0.350611,'2022-06-22 03:18:39',15,5),(34,'chat34','description34',1.90545,'2022-06-22 03:18:39',20,9),(35,'chat35','description35',3.64447,'2022-06-22 03:18:39',6,4),(36,'chat36','description36',0.102547,'2022-06-22 03:18:39',20,1),(37,'chat37','description37',3.22317,'2022-06-22 03:18:39',6,5),(38,'chat38','description38',2.35478,'2022-06-22 03:18:39',1,19),(39,'chat39','description39',4.42852,'2022-06-22 03:18:39',14,2),(40,'chat40','description40',1.00374,'2022-06-22 03:18:39',13,13),(41,'chat41','description41',0.784769,'2022-06-22 03:18:39',17,18),(42,'chat42','description42',0.878057,'2022-06-22 03:18:39',19,20),(43,'chat43','description43',4.61313,'2022-06-22 03:18:39',9,17),(44,'chat44','description44',4.15906,'2022-06-22 03:18:39',3,4),(45,'chat45','description45',2.05133,'2022-06-22 03:18:39',4,16),(46,'chat46','description46',3.22948,'2022-06-22 03:18:39',17,6),(47,'chat47','description47',4.98132,'2022-06-22 03:18:39',14,2),(48,'chat48','description48',2.92549,'2022-06-22 03:18:39',5,5),(49,'chat49','description49',0.0736602,'2022-06-22 03:18:39',1,4),(50,'chat50','description50',4.15951,'2022-06-22 03:18:39',17,4),(51,'chat51','description51',0.813731,'2022-06-22 03:18:39',3,17),(52,'chat52','description52',0.992367,'2022-06-22 03:18:39',16,11),(53,'chat53','description53',0.530602,'2022-06-22 03:18:39',12,2),(54,'chat54','description54',4.4467,'2022-06-22 03:18:39',3,18),(55,'chat55','description55',4.51929,'2022-06-22 03:18:39',13,6),(56,'chat56','description56',2.72313,'2022-06-22 03:18:39',8,2),(57,'chat57','description57',0.113526,'2022-06-22 03:18:39',19,14),(58,'chat58','description58',1.75653,'2022-06-22 03:18:39',7,14),(59,'chat59','description59',2.83957,'2022-06-22 03:18:39',15,13),(60,'chat60','description60',2.74192,'2022-06-22 03:18:39',6,13),(61,'chat61','description61',1.77722,'2022-06-22 03:18:39',15,17),(62,'chat62','description62',2.40091,'2022-06-22 03:18:39',13,19),(63,'chat63','description63',4.28589,'2022-06-22 03:18:39',9,13),(64,'chat64','description64',0.87575,'2022-06-22 03:18:39',19,13),(65,'chat65','description65',2.98147,'2022-06-22 03:18:39',3,18),(66,'chat66','description66',4.45381,'2022-06-22 03:18:39',5,7),(67,'chat67','description67',3.48346,'2022-06-22 03:18:39',9,4),(68,'chat68','description68',3.95462,'2022-06-22 03:18:40',12,7),(69,'chat69','description69',4.20948,'2022-06-22 03:18:40',2,15),(70,'chat70','description70',1.43163,'2022-06-22 03:18:40',1,19),(71,'chat71','description71',2.7332,'2022-06-22 03:18:40',11,16),(72,'chat72','description72',2.67191,'2022-06-22 03:18:40',15,19),(73,'chat73','description73',1.67694,'2022-06-22 03:18:40',3,6),(74,'chat74','description74',2.31311,'2022-06-22 03:18:40',17,12),(75,'chat75','description75',0.826174,'2022-06-22 03:18:40',20,15),(76,'chat76','description76',0.958914,'2022-06-22 03:18:40',13,9),(77,'chat77','description77',1.98976,'2022-06-22 03:18:40',7,1),(78,'chat78','description78',0.377978,'2022-06-22 03:18:40',5,19),(79,'chat79','description79',2.61509,'2022-06-22 03:18:40',10,8),(80,'chat80','description80',0.700329,'2022-06-22 03:18:40',7,6),(81,'chat81','description81',4.88736,'2022-06-22 03:18:40',12,18),(82,'chat82','description82',1.42138,'2022-06-22 03:18:40',16,1),(83,'chat83','description83',3.03299,'2022-06-22 03:18:40',4,20),(84,'chat84','description84',0.285915,'2022-06-22 03:18:40',17,11),(85,'chat85','description85',0.827277,'2022-06-22 03:18:40',10,9),(86,'chat86','description86',0.398763,'2022-06-22 03:18:40',13,9),(87,'chat87','description87',0.47845,'2022-06-22 03:18:40',17,17),(88,'chat88','description88',3.56743,'2022-06-22 03:18:40',8,10),(89,'chat89','description89',3.16009,'2022-06-22 03:18:40',18,15),(90,'chat90','description90',0.391528,'2022-06-22 03:18:40',1,19),(91,'chat91','description91',1.47492,'2022-06-22 03:18:40',14,1),(92,'chat92','description92',2.74208,'2022-06-22 03:18:40',6,8),(93,'chat93','description93',0.890463,'2022-06-22 03:18:40',8,20),(94,'chat94','description94',4.03024,'2022-06-22 03:18:40',14,7),(95,'chat95','description95',4.67814,'2022-06-22 03:18:40',13,14),(96,'chat96','description96',3.99056,'2022-06-22 03:18:40',2,18),(97,'chat97','description97',3.08173,'2022-06-22 03:18:40',6,1),(98,'chat98','description98',0.509609,'2022-06-22 03:18:40',6,9),(99,'chat99','description99',0.177574,'2022-06-22 03:18:40',7,8),(100,'chat100','description100',1.66748,'2022-06-22 03:18:40',10,13),(101,'chat101','description101',2.81293,'2022-06-22 03:18:40',12,1),(102,'chat102','description102',1.30752,'2022-06-22 03:18:40',16,7),(103,'chat103','description103',4.36721,'2022-06-22 03:18:40',9,13),(104,'chat104','description104',4.10773,'2022-06-22 03:18:40',1,3),(105,'chat105','description105',4.26759,'2022-06-22 03:18:40',2,20),(106,'chat106','description106',2.22948,'2022-06-22 03:18:40',5,17),(107,'chat107','description107',4.40891,'2022-06-22 03:18:40',10,17),(108,'chat108','description108',4.62534,'2022-06-22 03:18:40',2,11),(109,'chat109','description109',4.99189,'2022-06-22 03:18:40',20,2),(110,'chat110','description110',4.46731,'2022-06-22 03:18:40',10,5),(111,'chat111','description111',1.43165,'2022-06-22 03:18:40',17,20),(112,'chat112','description112',4.82982,'2022-06-22 03:18:40',8,2),(113,'chat113','description113',1.01812,'2022-06-22 03:18:40',2,4),(114,'chat114','description114',4.1358,'2022-06-22 03:18:40',3,11),(115,'chat115','description115',0.131067,'2022-06-22 03:18:40',11,4),(116,'chat116','description116',2.60635,'2022-06-22 03:18:40',2,1),(117,'chat117','description117',2.28125,'2022-06-22 03:18:40',19,15),(118,'chat118','description118',1.25166,'2022-06-22 03:18:40',6,19),(119,'chat119','description119',2.91116,'2022-06-22 03:18:40',12,14),(120,'chat120','description120',4.54747,'2022-06-22 03:18:40',18,5),(121,'chat121','description121',3.71782,'2022-06-22 03:18:40',1,11),(122,'chat122','description122',2.64801,'2022-06-22 03:18:40',15,6),(123,'chat123','description123',4.18601,'2022-06-22 03:18:40',19,4),(124,'chat124','description124',0.806583,'2022-06-22 03:18:40',15,3),(125,'chat125','description125',0.328302,'2022-06-22 03:18:40',6,12),(126,'chat126','description126',1.50106,'2022-06-22 03:18:40',16,7),(127,'chat127','description127',1.4519,'2022-06-22 03:18:40',11,11),(128,'chat128','description128',2.54104,'2022-06-22 03:18:40',1,8),(129,'chat129','description129',1.38473,'2022-06-22 03:18:40',1,12),(130,'chat130','description130',1.20274,'2022-06-22 03:18:40',5,1),(131,'chat131','description131',4.61839,'2022-06-22 03:18:40',9,12),(132,'chat132','description132',3.43316,'2022-06-22 03:18:40',8,1),(133,'chat133','description133',0.230529,'2022-06-22 03:18:40',12,8),(134,'chat134','description134',3.49832,'2022-06-22 03:18:40',12,12),(135,'chat135','description135',0.900372,'2022-06-22 03:18:40',1,20),(136,'chat136','description136',2.00978,'2022-06-22 03:18:40',15,9),(137,'chat137','description137',4.92999,'2022-06-22 03:18:40',5,17),(138,'chat138','description138',2.33099,'2022-06-22 03:18:40',18,16),(139,'chat139','description139',3.79726,'2022-06-22 03:18:40',8,4),(140,'chat140','description140',4.23574,'2022-06-22 03:18:40',3,14),(141,'chat141','description141',3.18571,'2022-06-22 03:18:40',13,17),(142,'chat142','description142',3.77181,'2022-06-22 03:18:40',12,16),(143,'chat143','description143',3.97215,'2022-06-22 03:18:40',10,4),(144,'chat144','description144',2.2771,'2022-06-22 03:18:40',11,14),(145,'chat145','description145',2.48614,'2022-06-22 03:18:40',4,11),(146,'chat146','description146',3.76438,'2022-06-22 03:18:40',11,18),(147,'chat147','description147',4.34753,'2022-06-22 03:18:40',19,11),(148,'chat148','description148',4.9406,'2022-06-22 03:18:40',11,3),(149,'chat149','description149',3.08138,'2022-06-22 03:18:40',7,2),(150,'chat150','description150',3.81786,'2022-06-22 03:18:40',3,2),(151,'chat151','description151',2.21098,'2022-06-22 03:18:40',5,6),(152,'chat152','description152',1.93271,'2022-06-22 03:18:40',11,12),(153,'chat153','description153',1.29373,'2022-06-22 03:18:40',20,8),(154,'chat154','description154',4.12943,'2022-06-22 03:18:40',5,18),(155,'chat155','description155',2.90347,'2022-06-22 03:18:40',6,19),(156,'chat156','description156',3.11223,'2022-06-22 03:18:40',5,14),(157,'chat157','description157',4.81173,'2022-06-22 03:18:40',17,13),(158,'chat158','description158',2.65762,'2022-06-22 03:18:40',4,13),(159,'chat159','description159',2.72434,'2022-06-22 03:18:40',12,3),(160,'chat160','description160',1.64027,'2022-06-22 03:18:40',14,5),(161,'chat161','description161',4.28758,'2022-06-22 03:18:40',10,2),(162,'chat162','description162',4.93003,'2022-06-22 03:18:40',17,14),(163,'chat163','description163',4.90144,'2022-06-22 03:18:40',11,15),(164,'chat164','description164',3.63919,'2022-06-22 03:18:40',19,12),(165,'chat165','description165',1.24219,'2022-06-22 03:18:40',14,6),(166,'chat166','description166',0.664673,'2022-06-22 03:18:40',10,11),(167,'chat167','description167',4.8305,'2022-06-22 03:18:40',11,13),(168,'chat168','description168',1.50622,'2022-06-22 03:18:40',2,16),(169,'chat169','description169',1.76977,'2022-06-22 03:18:40',2,3),(170,'chat170','description170',0.240253,'2022-06-22 03:18:40',7,19),(171,'chat171','description171',4.11592,'2022-06-22 03:18:40',14,14),(172,'chat172','description172',2.81177,'2022-06-22 03:18:40',9,8),(173,'chat173','description173',1.5226,'2022-06-22 03:18:40',12,3),(174,'chat174','description174',1.42696,'2022-06-22 03:18:40',4,8),(175,'chat175','description175',1.82131,'2022-06-22 03:18:40',2,7),(176,'chat176','description176',2.46903,'2022-06-22 03:18:40',18,6),(177,'chat177','description177',0.141019,'2022-06-22 03:18:40',19,5),(178,'chat178','description178',2.30177,'2022-06-22 03:18:40',14,1),(179,'chat179','description179',2.35442,'2022-06-22 03:18:40',15,18),(180,'chat180','description180',1.59202,'2022-06-22 03:18:40',2,20),(181,'chat181','description181',1.81444,'2022-06-22 03:18:40',9,18),(182,'chat182','description182',1.51286,'2022-06-22 03:18:40',11,14),(183,'chat183','description183',0.772775,'2022-06-22 03:18:40',20,10),(184,'chat184','description184',1.0751,'2022-06-22 03:18:41',10,10),(185,'chat185','description185',2.90313,'2022-06-22 03:18:41',5,8),(186,'chat186','description186',0.849272,'2022-06-22 03:18:41',15,10),(187,'chat187','description187',0.2829,'2022-06-22 03:18:41',7,12),(188,'chat188','description188',1.84222,'2022-06-22 03:18:41',14,1),(189,'chat189','description189',4.76753,'2022-06-22 03:18:41',1,16),(190,'chat190','description190',1.81146,'2022-06-22 03:18:41',18,10),(191,'chat191','description191',2.91609,'2022-06-22 03:18:41',18,20),(192,'chat192','description192',4.90613,'2022-06-22 03:18:41',3,1),(193,'chat193','description193',4.84823,'2022-06-22 03:18:41',13,18),(194,'chat194','description194',2.07444,'2022-06-22 03:18:41',6,17),(195,'chat195','description195',2.51365,'2022-06-22 03:18:41',9,3),(196,'chat196','description196',1.78302,'2022-06-22 03:18:41',13,20),(197,'chat197','description197',2.64507,'2022-06-22 03:18:41',9,5),(198,'chat198','description198',2.73092,'2022-06-22 03:18:41',9,17),(199,'chat199','description199',4.57653,'2022-06-22 03:18:41',17,17),(200,'chat200','description200',0.496035,'2022-06-22 03:18:41',5,18),(201,'chat201','description201',2.98403,'2022-06-22 03:18:41',16,4),(202,'chat202','description202',3.00496,'2022-06-22 03:18:41',3,10),(203,'chat203','description203',0.52305,'2022-06-22 03:18:41',13,12),(204,'chat204','description204',4.29756,'2022-06-22 03:18:41',1,16),(205,'chat205','description205',1.20084,'2022-06-22 03:18:41',7,10),(206,'chat206','description206',3.96224,'2022-06-22 03:18:41',19,4),(207,'chat207','description207',0.820575,'2022-06-22 03:18:41',15,5),(208,'chat208','description208',1.23264,'2022-06-22 03:18:41',16,10),(209,'chat209','description209',1.54286,'2022-06-22 03:18:41',4,8),(210,'chat210','description210',4.35678,'2022-06-22 03:18:41',19,14),(211,'chat211','description211',4.89719,'2022-06-22 03:18:41',13,5),(212,'chat212','description212',4.86996,'2022-06-22 03:18:41',4,19),(213,'chat213','description213',2.41562,'2022-06-22 03:18:41',7,17),(214,'chat214','description214',1.01098,'2022-06-22 03:18:41',20,1),(215,'chat215','description215',0.445369,'2022-06-22 03:18:41',9,7),(216,'chat216','description216',3.45744,'2022-06-22 03:18:41',14,8),(217,'chat217','description217',3.20206,'2022-06-22 03:18:41',3,10),(218,'chat218','description218',1.1004,'2022-06-22 03:18:41',8,16),(219,'chat219','description219',0.837196,'2022-06-22 03:18:41',16,6),(220,'chat220','description220',1.54398,'2022-06-22 03:18:41',15,3),(221,'chat221','description221',4.95924,'2022-06-22 03:18:41',9,18),(222,'chat222','description222',4.66922,'2022-06-22 03:18:41',3,12),(223,'chat223','description223',4.36342,'2022-06-22 03:18:41',2,4),(224,'chat224','description224',2.29147,'2022-06-22 03:18:41',17,6),(225,'chat225','description225',2.62934,'2022-06-22 03:18:41',11,8),(226,'chat226','description226',2.37618,'2022-06-22 03:18:41',20,20),(227,'chat227','description227',1.3175,'2022-06-22 03:18:41',8,13),(228,'chat228','description228',0.556452,'2022-06-22 03:18:41',8,14),(229,'chat229','description229',0.686132,'2022-06-22 03:18:41',14,8),(230,'chat230','description230',0.257479,'2022-06-22 03:18:41',17,16),(231,'chat231','description231',4.0668,'2022-06-22 03:18:41',6,6),(232,'chat232','description232',3.49023,'2022-06-22 03:18:41',18,5),(233,'chat233','description233',3.92104,'2022-06-22 03:18:41',4,15),(234,'chat234','description234',1.62631,'2022-06-22 03:18:41',16,4),(235,'chat235','description235',3.72148,'2022-06-22 03:18:41',7,15),(236,'chat236','description236',1.51989,'2022-06-22 03:18:41',1,8),(237,'chat237','description237',4.49354,'2022-06-22 03:18:41',3,6),(238,'chat238','description238',3.877,'2022-06-22 03:18:41',8,18),(239,'chat239','description239',1.45011,'2022-06-22 03:18:41',8,1),(240,'chat240','description240',0.0224764,'2022-06-22 03:18:41',16,12),(241,'chat241','description241',2.2654,'2022-06-22 03:18:41',2,11),(242,'chat242','description242',3.16927,'2022-06-22 03:18:41',17,15),(243,'chat243','description243',1.43938,'2022-06-22 03:18:41',15,15),(244,'chat244','description244',3.99586,'2022-06-22 03:18:41',10,16),(245,'chat245','description245',3.61149,'2022-06-22 03:18:41',6,11),(246,'chat246','description246',3.23776,'2022-06-22 03:18:41',5,4),(247,'chat247','description247',2.98642,'2022-06-22 03:18:41',9,20),(248,'chat248','description248',4.58572,'2022-06-22 03:18:41',1,4),(249,'chat249','description249',1.41117,'2022-06-22 03:18:41',13,9),(250,'chat250','description250',3.56323,'2022-06-22 03:18:41',14,6),(251,'chat251','description251',2.91084,'2022-06-22 03:18:41',17,20),(252,'chat252','description252',1.53549,'2022-06-22 03:18:41',1,10),(253,'chat253','description253',1.4499,'2022-06-22 03:18:41',14,1),(254,'chat254','description254',1.06548,'2022-06-22 03:18:41',3,11),(255,'chat255','description255',0.631203,'2022-06-22 03:18:41',5,12),(256,'chat256','description256',1.18151,'2022-06-22 03:18:41',12,11),(257,'chat257','description257',1.36839,'2022-06-22 03:18:41',18,10),(258,'chat258','description258',3.78222,'2022-06-22 03:18:41',5,11),(259,'chat259','description259',3.40918,'2022-06-22 03:18:41',14,20),(260,'chat260','description260',0.141663,'2022-06-22 03:18:41',10,11),(261,'chat261','description261',0.859352,'2022-06-22 03:18:41',1,13),(262,'chat262','description262',2.39259,'2022-06-22 03:18:41',15,7),(263,'chat263','description263',4.59602,'2022-06-22 03:18:41',4,16),(264,'chat264','description264',2.57043,'2022-06-22 03:18:41',16,14),(265,'chat265','description265',1.11222,'2022-06-22 03:18:41',15,11),(266,'chat266','description266',1.95311,'2022-06-22 03:18:41',8,14),(267,'chat267','description267',0.553233,'2022-06-22 03:18:41',7,10),(268,'chat268','description268',2.39424,'2022-06-22 03:18:41',20,9),(269,'chat269','description269',2.60041,'2022-06-22 03:18:41',3,17),(270,'chat270','description270',1.23473,'2022-06-22 03:18:41',19,15),(271,'chat271','description271',3.63478,'2022-06-22 03:18:41',19,3),(272,'chat272','description272',2.77173,'2022-06-22 03:18:41',4,15),(273,'chat273','description273',4.888,'2022-06-22 03:18:41',15,4),(274,'chat274','description274',1.23138,'2022-06-22 03:18:41',8,11),(275,'chat275','description275',4.051,'2022-06-22 03:18:41',7,7),(276,'chat276','description276',2.00047,'2022-06-22 03:18:41',17,1),(277,'chat277','description277',0.0710042,'2022-06-22 03:18:41',9,3),(278,'chat278','description278',2.70162,'2022-06-22 03:18:41',12,15),(279,'chat279','description279',2.98994,'2022-06-22 03:18:41',18,10),(280,'chat280','description280',2.84757,'2022-06-22 03:18:41',13,16),(281,'chat281','description281',4.97246,'2022-06-22 03:18:41',4,13),(282,'chat282','description282',0.764572,'2022-06-22 03:18:41',19,1),(283,'chat283','description283',0.0314294,'2022-06-22 03:18:41',17,16),(284,'chat284','description284',0.388687,'2022-06-22 03:18:41',10,16),(285,'chat285','description285',3.86999,'2022-06-22 03:18:41',6,7),(286,'chat286','description286',2.67006,'2022-06-22 03:18:41',17,7),(287,'chat287','description287',2.13416,'2022-06-22 03:18:41',8,17),(288,'chat288','description288',1.79671,'2022-06-22 03:18:41',20,19),(289,'chat289','description289',1.15079,'2022-06-22 03:18:41',11,9),(290,'chat290','description290',1.65193,'2022-06-22 03:18:41',10,16),(291,'chat291','description291',3.50875,'2022-06-22 03:18:41',19,9),(292,'chat292','description292',0.759202,'2022-06-22 03:18:41',11,10),(293,'chat293','description293',3.23347,'2022-06-22 03:18:41',8,5),(294,'chat294','description294',3.04272,'2022-06-22 03:18:41',10,8),(295,'chat295','description295',2.89387,'2022-06-22 03:18:41',1,3),(296,'chat296','description296',0.175976,'2022-06-22 03:18:41',4,1),(297,'chat297','description297',1.06611,'2022-06-22 03:18:42',17,10),(298,'chat298','description298',1.81461,'2022-06-22 03:18:42',20,4),(299,'chat299','description299',1.09078,'2022-06-22 03:18:42',2,9),(300,'chat300','description300',1.91761,'2022-06-22 03:18:42',19,12),(301,'chat301','description301',2.42611,'2022-06-22 03:18:42',17,18),(302,'chat302','description302',0.291375,'2022-06-22 03:18:42',8,13),(303,'chat303','description303',4.97299,'2022-06-22 03:18:42',20,13),(304,'chat304','description304',2.84663,'2022-06-22 03:18:42',8,11),(305,'chat305','description305',4.41702,'2022-06-22 03:18:42',14,20),(306,'chat306','description306',1.36192,'2022-06-22 03:18:42',18,9),(307,'chat307','description307',2.33075,'2022-06-22 03:18:42',11,6),(308,'chat308','description308',1.9586,'2022-06-22 03:18:42',13,11),(309,'chat309','description309',3.90175,'2022-06-22 03:18:42',13,13),(310,'chat310','description310',3.97612,'2022-06-22 03:18:42',10,18),(311,'chat311','description311',3.52082,'2022-06-22 03:18:42',5,13),(312,'chat312','description312',2.92807,'2022-06-22 03:18:42',10,20),(313,'chat313','description313',1.76171,'2022-06-22 03:18:42',3,16),(314,'chat314','description314',0.612306,'2022-06-22 03:18:42',11,9),(315,'chat315','description315',2.5321,'2022-06-22 03:18:42',18,12),(316,'chat316','description316',0.311159,'2022-06-22 03:18:42',2,20),(317,'chat317','description317',2.00861,'2022-06-22 03:18:42',8,13),(318,'chat318','description318',1.30273,'2022-06-22 03:18:42',17,8),(319,'chat319','description319',1.23476,'2022-06-22 03:18:42',1,4),(320,'chat320','description320',4.16434,'2022-06-22 03:18:42',8,20),(321,'chat321','description321',0.538937,'2022-06-22 03:18:42',18,20),(322,'chat322','description322',4.10337,'2022-06-22 03:18:42',8,19),(323,'chat323','description323',2.84117,'2022-06-22 03:18:42',8,18),(324,'chat324','description324',0.778198,'2022-06-22 03:18:42',12,18),(325,'chat325','description325',3.35966,'2022-06-22 03:18:42',3,18),(326,'chat326','description326',1.55528,'2022-06-22 03:18:42',10,13),(327,'chat327','description327',3.68506,'2022-06-22 03:18:42',15,8),(328,'chat328','description328',0.948187,'2022-06-22 03:18:42',17,20),(329,'chat329','description329',0.0204845,'2022-06-22 03:18:42',5,12),(330,'chat330','description330',2.03139,'2022-06-22 03:18:42',1,15),(331,'chat331','description331',3.63531,'2022-06-22 03:18:42',13,20),(332,'chat332','description332',3.67784,'2022-06-22 03:18:42',8,4),(333,'chat333','description333',3.1145,'2022-06-22 03:18:42',1,4),(334,'chat334','description334',4.09611,'2022-06-22 03:18:42',8,10),(335,'chat335','description335',4.46872,'2022-06-22 03:18:42',2,13),(336,'chat336','description336',3.07932,'2022-06-22 03:18:42',5,19),(337,'chat337','description337',4.00872,'2022-06-22 03:18:42',16,6),(338,'chat338','description338',0.069939,'2022-06-22 03:18:42',1,13),(339,'chat339','description339',4.00888,'2022-06-22 03:18:42',10,13),(340,'chat340','description340',0.238462,'2022-06-22 03:18:42',5,6),(341,'chat341','description341',2.19812,'2022-06-22 03:18:42',13,4),(342,'chat342','description342',0.847689,'2022-06-22 03:18:42',16,17),(343,'chat343','description343',3.7629,'2022-06-22 03:18:42',17,6),(344,'chat344','description344',3.17239,'2022-06-22 03:18:42',14,10),(345,'chat345','description345',1.67923,'2022-06-22 03:18:42',8,11),(346,'chat346','description346',2.94262,'2022-06-22 03:18:42',17,14),(347,'chat347','description347',3.49284,'2022-06-22 03:18:42',15,4),(348,'chat348','description348',2.84612,'2022-06-22 03:18:42',6,8),(349,'chat349','description349',3.3473,'2022-06-22 03:18:42',2,15),(350,'chat350','description350',2.3932,'2022-06-22 03:18:42',14,3),(351,'chat351','description351',3.81919,'2022-06-22 03:18:42',5,8),(352,'chat352','description352',0.241651,'2022-06-22 03:18:42',15,17),(353,'chat353','description353',3.61774,'2022-06-22 03:18:42',8,7),(354,'chat354','description354',3.74961,'2022-06-22 03:18:42',20,8),(355,'chat355','description355',2.58922,'2022-06-22 03:18:42',15,17),(356,'chat356','description356',2.87152,'2022-06-22 03:18:42',17,12),(357,'chat357','description357',0.955161,'2022-06-22 03:18:42',19,18),(358,'chat358','description358',0.738597,'2022-06-22 03:18:42',3,1),(359,'chat359','description359',0.938442,'2022-06-22 03:18:42',10,4),(360,'chat360','description360',4.6602,'2022-06-22 03:18:42',11,17),(361,'chat361','description361',1.79805,'2022-06-22 03:18:42',14,9),(362,'chat362','description362',4.96667,'2022-06-22 03:18:42',17,14),(363,'chat363','description363',2.23016,'2022-06-22 03:18:42',13,6),(364,'chat364','description364',1.45821,'2022-06-22 03:18:42',16,14),(365,'chat365','description365',2.01344,'2022-06-22 03:18:42',6,2),(366,'chat366','description366',1.30743,'2022-06-22 03:18:42',17,10),(367,'chat367','description367',2.86694,'2022-06-22 03:18:42',2,8),(368,'chat368','description368',4.29044,'2022-06-22 03:18:42',6,2),(369,'chat369','description369',2.93118,'2022-06-22 03:18:42',4,18),(370,'chat370','description370',3.97768,'2022-06-22 03:18:42',16,16),(371,'chat371','description371',4.73499,'2022-06-22 03:18:42',6,8),(372,'chat372','description372',2.79952,'2022-06-22 03:18:42',4,14),(373,'chat373','description373',1.80347,'2022-06-22 03:18:42',12,3),(374,'chat374','description374',2.07245,'2022-06-22 03:18:42',8,18),(375,'chat375','description375',3.306,'2022-06-22 03:18:42',5,16),(376,'chat376','description376',0.875054,'2022-06-22 03:18:42',13,9),(377,'chat377','description377',2.93444,'2022-06-22 03:18:42',14,14),(378,'chat378','description378',2.67606,'2022-06-22 03:18:42',12,13),(379,'chat379','description379',4.43922,'2022-06-22 03:18:42',10,15),(380,'chat380','description380',2.96275,'2022-06-22 03:18:42',20,19),(381,'chat381','description381',3.32971,'2022-06-22 03:18:42',1,3),(382,'chat382','description382',4.19829,'2022-06-22 03:18:42',4,13),(383,'chat383','description383',0.111039,'2022-06-22 03:18:42',20,17),(384,'chat384','description384',2.43476,'2022-06-22 03:18:42',8,3),(385,'chat385','description385',1.02184,'2022-06-22 03:18:42',7,4),(386,'chat386','description386',0.772124,'2022-06-22 03:18:42',9,11),(387,'chat387','description387',3.71964,'2022-06-22 03:18:42',13,10),(388,'chat388','description388',3.55347,'2022-06-22 03:18:42',14,10),(389,'chat389','description389',3.96053,'2022-06-22 03:18:42',7,8),(390,'chat390','description390',2.13987,'2022-06-22 03:18:42',6,4),(391,'chat391','description391',4.19316,'2022-06-22 03:18:42',5,7),(392,'chat392','description392',3.6279,'2022-06-22 03:18:42',14,5),(393,'chat393','description393',3.46052,'2022-06-22 03:18:42',2,6),(394,'chat394','description394',3.33166,'2022-06-22 03:18:42',7,4),(395,'chat395','description395',4.24988,'2022-06-22 03:18:42',6,5),(396,'chat396','description396',2.83217,'2022-06-22 03:18:42',10,1),(397,'chat397','description397',0.778912,'2022-06-22 03:18:42',4,11),(398,'chat398','description398',1.2123,'2022-06-22 03:18:42',8,4),(399,'chat399','description399',2.84879,'2022-06-22 03:18:42',15,20),(400,'chat400','description400',3.33733,'2022-06-22 03:18:42',2,14),(401,'chat401','description401',4.18155,'2022-06-22 03:18:42',16,18),(402,'chat402','description402',1.2396,'2022-06-22 03:18:42',7,15),(403,'chat403','description403',0.0382449,'2022-06-22 03:18:42',5,17),(404,'chat404','description404',4.13303,'2022-06-22 03:18:42',2,19),(405,'chat405','description405',3.57477,'2022-06-22 03:18:42',18,20),(406,'chat406','description406',2.82999,'2022-06-22 03:18:42',9,19),(407,'chat407','description407',2.56206,'2022-06-22 03:18:42',7,20),(408,'chat408','description408',3.93739,'2022-06-22 03:18:42',20,7),(409,'chat409','description409',2.16391,'2022-06-22 03:18:42',13,20),(410,'chat410','description410',3.92338,'2022-06-22 03:18:42',1,13),(411,'chat411','description411',3.37888,'2022-06-22 03:18:42',12,12),(412,'chat412','description412',0.0656377,'2022-06-22 03:18:42',17,3),(413,'chat413','description413',3.66855,'2022-06-22 03:18:42',8,12),(414,'chat414','description414',2.98177,'2022-06-22 03:18:42',7,10),(415,'chat415','description415',2.848,'2022-06-22 03:18:42',15,5),(416,'chat416','description416',1.24387,'2022-06-22 03:18:42',17,8),(417,'chat417','description417',4.31219,'2022-06-22 03:18:42',12,14),(418,'chat418','description418',4.98386,'2022-06-22 03:18:43',1,20),(419,'chat419','description419',2.65549,'2022-06-22 03:18:43',7,20),(420,'chat420','description420',4.40404,'2022-06-22 03:18:43',18,11),(421,'chat421','description421',0.2232,'2022-06-22 03:18:43',5,19),(422,'chat422','description422',1.75463,'2022-06-22 03:18:43',16,3),(423,'chat423','description423',3.1569,'2022-06-22 03:18:43',20,15),(424,'chat424','description424',1.70523,'2022-06-22 03:18:43',6,6),(425,'chat425','description425',2.31389,'2022-06-22 03:18:43',3,3),(426,'chat426','description426',0.129347,'2022-06-22 03:18:43',15,14),(427,'chat427','description427',0.290926,'2022-06-22 03:18:43',14,14),(428,'chat428','description428',2.6563,'2022-06-22 03:18:43',17,11),(429,'chat429','description429',2.56081,'2022-06-22 03:18:43',3,10),(430,'chat430','description430',4.17439,'2022-06-22 03:18:43',14,7),(431,'chat431','description431',4.98479,'2022-06-22 03:18:43',13,8),(432,'chat432','description432',1.04166,'2022-06-22 03:18:43',9,4),(433,'chat433','description433',1.64504,'2022-06-22 03:18:43',20,16),(434,'chat434','description434',2.78837,'2022-06-22 03:18:43',2,12),(435,'chat435','description435',0.11414,'2022-06-22 03:18:43',15,2),(436,'chat436','description436',0.49675,'2022-06-22 03:18:43',5,10),(437,'chat437','description437',3.08797,'2022-06-22 03:18:43',10,16),(438,'chat438','description438',2.93288,'2022-06-22 03:18:43',5,9),(439,'chat439','description439',4.38003,'2022-06-22 03:18:43',17,16),(440,'chat440','description440',1.8959,'2022-06-22 03:18:43',14,4),(441,'chat441','description441',1.28956,'2022-06-22 03:18:43',17,19),(442,'chat442','description442',3.21621,'2022-06-22 03:18:43',6,8),(443,'chat443','description443',1.69561,'2022-06-22 03:18:43',16,16),(444,'chat444','description444',3.43039,'2022-06-22 03:18:43',14,5),(445,'chat445','description445',2.49103,'2022-06-22 03:18:43',17,15),(446,'chat446','description446',4.27027,'2022-06-22 03:18:43',9,13),(447,'chat447','description447',4.64713,'2022-06-22 03:18:43',19,15),(448,'chat448','description448',1.61092,'2022-06-22 03:18:43',13,7),(449,'chat449','description449',4.536,'2022-06-22 03:18:43',10,14),(450,'chat450','description450',0.940644,'2022-06-22 03:18:43',16,7),(451,'chat451','description451',0.627283,'2022-06-22 03:18:43',10,7),(452,'chat452','description452',2.72859,'2022-06-22 03:18:43',16,19),(453,'chat453','description453',2.30877,'2022-06-22 03:18:43',12,2),(454,'chat454','description454',2.64029,'2022-06-22 03:18:43',18,19),(455,'chat455','description455',3.50502,'2022-06-22 03:18:43',3,10),(456,'chat456','description456',1.0692,'2022-06-22 03:18:43',3,19),(457,'chat457','description457',2.63107,'2022-06-22 03:18:43',10,8),(458,'chat458','description458',2.34057,'2022-06-22 03:18:43',8,16),(459,'chat459','description459',4.21115,'2022-06-22 03:18:43',16,7),(460,'chat460','description460',4.33773,'2022-06-22 03:18:43',7,5),(461,'chat461','description461',2.74502,'2022-06-22 03:18:43',12,7),(462,'chat462','description462',0.012413,'2022-06-22 03:18:43',3,9),(463,'chat463','description463',4.04157,'2022-06-22 03:18:43',4,14),(464,'chat464','description464',4.2296,'2022-06-22 03:18:43',5,2),(465,'chat465','description465',1.54867,'2022-06-22 03:18:43',4,2),(466,'chat466','description466',4.16412,'2022-06-22 03:18:43',18,20),(467,'chat467','description467',3.89373,'2022-06-22 03:18:43',11,19),(468,'chat468','description468',2.20672,'2022-06-22 03:18:43',4,6),(469,'chat469','description469',0.55565,'2022-06-22 03:18:43',3,19),(470,'chat470','description470',3.8449,'2022-06-22 03:18:43',16,9),(471,'chat471','description471',3.02127,'2022-06-22 03:18:43',12,11),(472,'chat472','description472',0.870977,'2022-06-22 03:18:43',13,10),(473,'chat473','description473',4.27825,'2022-06-22 03:18:43',10,1),(474,'chat474','description474',2.68094,'2022-06-22 03:18:43',2,4),(475,'chat475','description475',1.92076,'2022-06-22 03:18:43',7,9),(476,'chat476','description476',4.10127,'2022-06-22 03:18:43',10,13),(477,'chat477','description477',1.36389,'2022-06-22 03:18:43',8,16),(478,'chat478','description478',0.572435,'2022-06-22 03:18:43',1,9),(479,'chat479','description479',4.54267,'2022-06-22 03:18:43',13,9),(480,'chat480','description480',2.948,'2022-06-22 03:18:43',8,5),(481,'chat481','description481',1.81334,'2022-06-22 03:18:43',7,14),(482,'chat482','description482',1.8226,'2022-06-22 03:18:43',2,11),(483,'chat483','description483',3.35,'2022-06-22 03:18:43',3,16),(484,'chat484','description484',0.243269,'2022-06-22 03:18:43',20,8),(485,'chat485','description485',0.977703,'2022-06-22 03:18:43',16,7),(486,'chat486','description486',3.98601,'2022-06-22 03:18:43',20,9),(487,'chat487','description487',4.57789,'2022-06-22 03:18:43',5,5),(488,'chat488','description488',2.29494,'2022-06-22 03:18:43',1,4),(489,'chat489','description489',0.969214,'2022-06-22 03:18:43',5,13),(490,'chat490','description490',4.31754,'2022-06-22 03:18:43',16,8),(491,'chat491','description491',1.1234,'2022-06-22 03:18:43',19,7),(492,'chat492','description492',3.00512,'2022-06-22 03:18:43',15,9),(493,'chat493','description493',0.958582,'2022-06-22 03:18:43',7,18),(494,'chat494','description494',3.1734,'2022-06-22 03:18:43',2,6),(495,'chat495','description495',2.07752,'2022-06-22 03:18:43',8,5),(496,'chat496','description496',0.0722577,'2022-06-22 03:18:43',2,10),(497,'chat497','description497',2.37288,'2022-06-22 03:18:43',13,1),(498,'chat498','description498',1.40994,'2022-06-22 03:18:43',16,11),(499,'chat499','description499',4.43101,'2022-06-22 03:18:43',10,18),(500,'chat500','description500',1.11733,'2022-06-22 03:18:43',5,19),(501,'chat501','description501',0.50389,'2022-06-22 03:18:43',15,16),(502,'chat502','description502',3.51324,'2022-06-22 03:18:43',16,14),(503,'chat503','description503',4.89549,'2022-06-22 03:18:43',7,7),(504,'chat504','description504',4.10789,'2022-06-22 03:18:43',18,13),(505,'chat505','description505',4.06626,'2022-06-22 03:18:43',4,16),(506,'chat506','description506',4.27016,'2022-06-22 03:18:43',13,18),(507,'chat507','description507',1.09325,'2022-06-22 03:18:43',19,12),(508,'chat508','description508',0.268748,'2022-06-22 03:18:43',13,12),(509,'chat509','description509',1.52794,'2022-06-22 03:18:43',20,4),(510,'chat510','description510',1.68823,'2022-06-22 03:18:43',16,15),(511,'chat511','description511',4.75118,'2022-06-22 03:18:43',14,13),(512,'chat512','description512',2.03676,'2022-06-22 03:18:43',1,13),(513,'chat513','description513',0.790778,'2022-06-22 03:18:43',12,11),(514,'chat514','description514',2.09097,'2022-06-22 03:18:43',5,13),(515,'chat515','description515',0.715683,'2022-06-22 03:18:43',1,9),(516,'chat516','description516',4.88531,'2022-06-22 03:18:43',17,17),(517,'chat517','description517',1.35647,'2022-06-22 03:18:43',12,11),(518,'chat518','description518',3.04165,'2022-06-22 03:18:43',7,15),(519,'chat519','description519',2.21387,'2022-06-22 03:18:43',7,4),(520,'chat520','description520',1.6014,'2022-06-22 03:18:43',4,14),(521,'chat521','description521',4.26474,'2022-06-22 03:18:43',19,6),(522,'chat522','description522',3.54555,'2022-06-22 03:18:43',12,14),(523,'chat523','description523',3.7595,'2022-06-22 03:18:43',14,13),(524,'chat524','description524',2.99689,'2022-06-22 03:18:43',2,14),(525,'chat525','description525',1.79901,'2022-06-22 03:18:43',19,10),(526,'chat526','description526',1.17862,'2022-06-22 03:18:43',4,4),(527,'chat527','description527',2.62974,'2022-06-22 03:18:43',9,5),(528,'chat528','description528',2.60282,'2022-06-22 03:18:43',8,14),(529,'chat529','description529',1.76491,'2022-06-22 03:18:43',1,20),(530,'chat530','description530',0.442377,'2022-06-22 03:18:43',14,17),(531,'chat531','description531',1.16698,'2022-06-22 03:18:43',3,7),(532,'chat532','description532',3.72416,'2022-06-22 03:18:43',17,9),(533,'chat533','description533',1.7756,'2022-06-22 03:18:43',11,14),(534,'chat534','description534',1.6154,'2022-06-22 03:18:43',3,7),(535,'chat535','description535',0.577007,'2022-06-22 03:18:43',7,7),(536,'chat536','description536',2.53078,'2022-06-22 03:18:43',5,15),(537,'chat537','description537',1.18413,'2022-06-22 03:18:43',6,13),(538,'chat538','description538',2.96268,'2022-06-22 03:18:43',15,11),(539,'chat539','description539',0.489039,'2022-06-22 03:18:43',1,20),(540,'chat540','description540',0.445385,'2022-06-22 03:18:43',14,3),(541,'chat541','description541',2.42983,'2022-06-22 03:18:43',19,4),(542,'chat542','description542',0.437827,'2022-06-22 03:18:43',11,3),(543,'chat543','description543',2.73215,'2022-06-22 03:18:43',1,14),(544,'chat544','description544',0.0201715,'2022-06-22 03:18:43',2,17),(545,'chat545','description545',0.336249,'2022-06-22 03:18:43',12,3),(546,'chat546','description546',4.7509,'2022-06-22 03:18:43',19,12),(547,'chat547','description547',2.814,'2022-06-22 03:18:43',11,19),(548,'chat548','description548',0.176017,'2022-06-22 03:18:43',10,8),(549,'chat549','description549',1.91592,'2022-06-22 03:18:43',8,14),(550,'chat550','description550',0.490228,'2022-06-22 03:18:44',13,11),(551,'chat551','description551',4.71202,'2022-06-22 03:18:44',17,7),(552,'chat552','description552',2.8771,'2022-06-22 03:18:44',9,17),(553,'chat553','description553',3.88743,'2022-06-22 03:18:44',5,8),(554,'chat554','description554',2.03296,'2022-06-22 03:18:44',6,17),(555,'chat555','description555',1.73914,'2022-06-22 03:18:44',3,16),(556,'chat556','description556',3.83489,'2022-06-22 03:18:44',9,9),(557,'chat557','description557',0.46758,'2022-06-22 03:18:44',14,10),(558,'chat558','description558',2.93353,'2022-06-22 03:18:44',3,15),(559,'chat559','description559',1.51601,'2022-06-22 03:18:44',13,19),(560,'chat560','description560',4.25418,'2022-06-22 03:18:44',7,7),(561,'chat561','description561',1.41365,'2022-06-22 03:18:44',20,12),(562,'chat562','description562',0.238517,'2022-06-22 03:18:44',1,1),(563,'chat563','description563',4.24971,'2022-06-22 03:18:44',12,18),(564,'chat564','description564',4.90333,'2022-06-22 03:18:44',4,17),(565,'chat565','description565',3.95146,'2022-06-22 03:18:44',14,3),(566,'chat566','description566',2.65745,'2022-06-22 03:18:44',2,11),(567,'chat567','description567',1.76924,'2022-06-22 03:18:44',15,17),(568,'chat568','description568',1.74289,'2022-06-22 03:18:44',12,20),(569,'chat569','description569',2.98531,'2022-06-22 03:18:44',3,3),(570,'chat570','description570',1.51223,'2022-06-22 03:18:44',4,1),(571,'chat571','description571',3.74285,'2022-06-22 03:18:44',4,10),(572,'chat572','description572',3.42399,'2022-06-22 03:18:44',13,7),(573,'chat573','description573',0.559105,'2022-06-22 03:18:44',4,2),(574,'chat574','description574',3.9369,'2022-06-22 03:18:44',10,7),(575,'chat575','description575',1.85252,'2022-06-22 03:18:44',10,18),(576,'chat576','description576',3.84522,'2022-06-22 03:18:44',7,16),(577,'chat577','description577',3.67747,'2022-06-22 03:18:44',3,11),(578,'chat578','description578',1.27839,'2022-06-22 03:18:44',13,14),(579,'chat579','description579',1.61609,'2022-06-22 03:18:44',15,7),(580,'chat580','description580',2.50079,'2022-06-22 03:18:44',18,16),(581,'chat581','description581',2.95731,'2022-06-22 03:18:44',16,3),(582,'chat582','description582',3.14179,'2022-06-22 03:18:44',14,20),(583,'chat583','description583',0.433961,'2022-06-22 03:18:44',3,17),(584,'chat584','description584',1.43254,'2022-06-22 03:18:44',20,16),(585,'chat585','description585',4.76934,'2022-06-22 03:18:44',11,6),(586,'chat586','description586',0.355406,'2022-06-22 03:18:44',18,6),(587,'chat587','description587',4.70064,'2022-06-22 03:18:44',3,10),(588,'chat588','description588',1.42732,'2022-06-22 03:18:44',13,6),(589,'chat589','description589',1.5419,'2022-06-22 03:18:44',6,19),(590,'chat590','description590',2.7687,'2022-06-22 03:18:44',12,13),(591,'chat591','description591',1.92257,'2022-06-22 03:18:44',15,1),(592,'chat592','description592',3.52247,'2022-06-22 03:18:44',6,6),(593,'chat593','description593',0.609706,'2022-06-22 03:18:44',10,16),(594,'chat594','description594',4.75427,'2022-06-22 03:18:44',10,2),(595,'chat595','description595',2.34168,'2022-06-22 03:18:44',15,11),(596,'chat596','description596',1.04715,'2022-06-22 03:18:44',20,9),(597,'chat597','description597',4.04972,'2022-06-22 03:18:44',5,8),(598,'chat598','description598',0.696267,'2022-06-22 03:18:44',10,3),(599,'chat599','description599',0.130354,'2022-06-22 03:18:44',14,5),(600,'chat600','description600',2.07734,'2022-06-22 03:18:44',10,17),(601,'chat601','description601',0.98627,'2022-06-22 03:18:44',10,3),(602,'chat602','description602',4.17934,'2022-06-22 03:18:44',20,6),(603,'chat603','description603',1.82881,'2022-06-22 03:18:44',1,1),(604,'chat604','description604',3.50899,'2022-06-22 03:18:44',5,11),(605,'chat605','description605',1.88949,'2022-06-22 03:18:44',15,4),(606,'chat606','description606',1.40794,'2022-06-22 03:18:44',15,11),(607,'chat607','description607',3.88343,'2022-06-22 03:18:44',1,5),(608,'chat608','description608',1.9861,'2022-06-22 03:18:44',12,3),(609,'chat609','description609',1.72078,'2022-06-22 03:18:44',6,13),(610,'chat610','description610',2.54056,'2022-06-22 03:18:44',4,3),(611,'chat611','description611',3.18673,'2022-06-22 03:18:44',11,16),(612,'chat612','description612',3.51135,'2022-06-22 03:18:44',10,2),(613,'chat613','description613',3.70649,'2022-06-22 03:18:44',3,1),(614,'chat614','description614',3.74864,'2022-06-22 03:18:44',8,10),(615,'chat615','description615',0.54656,'2022-06-22 03:18:44',8,6),(616,'chat616','description616',4.52851,'2022-06-22 03:18:44',1,2),(617,'chat617','description617',1.90352,'2022-06-22 03:18:44',5,16),(618,'chat618','description618',2.76055,'2022-06-22 03:18:44',12,14),(619,'chat619','description619',3.70867,'2022-06-22 03:18:44',19,2),(620,'chat620','description620',0.20069,'2022-06-22 03:18:44',8,14),(621,'chat621','description621',1.49721,'2022-06-22 03:18:44',6,12),(622,'chat622','description622',0.784522,'2022-06-22 03:18:44',10,5),(623,'chat623','description623',0.334347,'2022-06-22 03:18:44',8,9),(624,'chat624','description624',0.24931,'2022-06-22 03:18:44',14,4),(625,'chat625','description625',3.01103,'2022-06-22 03:18:44',4,16),(626,'chat626','description626',0.610768,'2022-06-22 03:18:44',2,13),(627,'chat627','description627',0.75806,'2022-06-22 03:18:44',14,8),(628,'chat628','description628',3.82556,'2022-06-22 03:18:44',3,12),(629,'chat629','description629',3.46375,'2022-06-22 03:18:44',9,16),(630,'chat630','description630',3.74182,'2022-06-22 03:18:44',3,18),(631,'chat631','description631',3.02017,'2022-06-22 03:18:44',5,4),(632,'chat632','description632',1.76799,'2022-06-22 03:18:44',4,12),(633,'chat633','description633',3.71767,'2022-06-22 03:18:44',18,7),(634,'chat634','description634',1.71835,'2022-06-22 03:18:44',17,6),(635,'chat635','description635',3.98147,'2022-06-22 03:18:44',4,5),(636,'chat636','description636',4.22331,'2022-06-22 03:18:44',12,8),(637,'chat637','description637',2.24704,'2022-06-22 03:18:44',18,12),(638,'chat638','description638',2.45527,'2022-06-22 03:18:44',15,4),(639,'chat639','description639',0.617396,'2022-06-22 03:18:44',3,17),(640,'chat640','description640',3.65263,'2022-06-22 03:18:44',1,12),(641,'chat641','description641',4.75636,'2022-06-22 03:18:44',10,7),(642,'chat642','description642',0.845412,'2022-06-22 03:18:44',2,16),(643,'chat643','description643',1.2272,'2022-06-22 03:18:44',17,3),(644,'chat644','description644',2.50348,'2022-06-22 03:18:44',12,11),(645,'chat645','description645',3.68489,'2022-06-22 03:18:44',10,6),(646,'chat646','description646',3.75602,'2022-06-22 03:18:44',2,12),(647,'chat647','description647',3.1557,'2022-06-22 03:18:44',2,15),(648,'chat648','description648',2.2884,'2022-06-22 03:18:44',11,14),(649,'chat649','description649',3.5475,'2022-06-22 03:18:44',2,2),(650,'chat650','description650',0.300487,'2022-06-22 03:18:44',16,1),(651,'chat651','description651',3.27415,'2022-06-22 03:18:44',8,15),(652,'chat652','description652',3.35251,'2022-06-22 03:18:44',2,3),(653,'chat653','description653',2.16551,'2022-06-22 03:18:44',20,4),(654,'chat654','description654',0.0780145,'2022-06-22 03:18:44',13,3),(655,'chat655','description655',1.34629,'2022-06-22 03:18:44',5,20),(656,'chat656','description656',1.22514,'2022-06-22 03:18:44',18,12),(657,'chat657','description657',4.23503,'2022-06-22 03:18:44',20,7),(658,'chat658','description658',1.50578,'2022-06-22 03:18:44',15,10),(659,'chat659','description659',0.177438,'2022-06-22 03:18:44',18,19),(660,'chat660','description660',2.65997,'2022-06-22 03:18:44',12,18),(661,'chat661','description661',3.36222,'2022-06-22 03:18:44',12,4),(662,'chat662','description662',4.00128,'2022-06-22 03:18:44',14,17),(663,'chat663','description663',3.75682,'2022-06-22 03:18:44',4,2),(664,'chat664','description664',3.46407,'2022-06-22 03:18:44',6,14),(665,'chat665','description665',2.12108,'2022-06-22 03:18:44',1,8),(666,'chat666','description666',4.75205,'2022-06-22 03:18:44',6,17),(667,'chat667','description667',2.51645,'2022-06-22 03:18:44',8,12),(668,'chat668','description668',2.98863,'2022-06-22 03:18:44',17,20),(669,'chat669','description669',0.00759987,'2022-06-22 03:18:44',20,16),(670,'chat670','description670',2.08139,'2022-06-22 03:18:44',12,19),(671,'chat671','description671',3.13997,'2022-06-22 03:18:44',4,4),(672,'chat672','description672',0.524081,'2022-06-22 03:18:44',8,18),(673,'chat673','description673',4.9809,'2022-06-22 03:18:44',8,10),(674,'chat674','description674',2.48674,'2022-06-22 03:18:44',8,19),(675,'chat675','description675',3.97806,'2022-06-22 03:18:44',5,13),(676,'chat676','description676',2.73269,'2022-06-22 03:18:44',12,1),(677,'chat677','description677',3.34607,'2022-06-22 03:18:45',9,2),(678,'chat678','description678',1.97633,'2022-06-22 03:18:45',13,6),(679,'chat679','description679',3.27901,'2022-06-22 03:18:45',15,1),(680,'chat680','description680',2.68331,'2022-06-22 03:18:45',18,6),(681,'chat681','description681',4.44533,'2022-06-22 03:18:45',11,18),(682,'chat682','description682',0.782679,'2022-06-22 03:18:45',18,10),(683,'chat683','description683',0.0961759,'2022-06-22 03:18:45',3,10),(684,'chat684','description684',1.58977,'2022-06-22 03:18:45',4,10),(685,'chat685','description685',0.888523,'2022-06-22 03:18:45',3,5),(686,'chat686','description686',0.765789,'2022-06-22 03:18:45',13,4),(687,'chat687','description687',1.46341,'2022-06-22 03:18:45',12,1),(688,'chat688','description688',3.64087,'2022-06-22 03:18:45',1,11),(689,'chat689','description689',4.87724,'2022-06-22 03:18:45',16,9),(690,'chat690','description690',1.49606,'2022-06-22 03:18:45',10,6),(691,'chat691','description691',0.567177,'2022-06-22 03:18:45',4,8),(692,'chat692','description692',1.38224,'2022-06-22 03:18:45',19,10),(693,'chat693','description693',4.60905,'2022-06-22 03:18:45',9,12),(694,'chat694','description694',4.38213,'2022-06-22 03:18:45',2,10),(695,'chat695','description695',3.77813,'2022-06-22 03:18:45',17,11),(696,'chat696','description696',1.73044,'2022-06-22 03:18:45',11,11),(697,'chat697','description697',1.33442,'2022-06-22 03:18:45',8,6),(698,'chat698','description698',0.246595,'2022-06-22 03:18:45',4,16),(699,'chat699','description699',2.434,'2022-06-22 03:18:45',11,7),(700,'chat700','description700',1.55843,'2022-06-22 03:18:45',15,8),(701,'chat701','description701',2.01705,'2022-06-22 03:18:45',11,15),(702,'chat702','description702',3.628,'2022-06-22 03:18:45',3,5),(703,'chat703','description703',1.30558,'2022-06-22 03:18:45',14,11),(704,'chat704','description704',3.05659,'2022-06-22 03:18:45',8,12),(705,'chat705','description705',4.54046,'2022-06-22 03:18:45',15,9),(706,'chat706','description706',3.4977,'2022-06-22 03:18:45',7,7),(707,'chat707','description707',0.18411,'2022-06-22 03:18:45',7,2),(708,'chat708','description708',0.268843,'2022-06-22 03:18:45',8,11),(709,'chat709','description709',3.61432,'2022-06-22 03:18:45',7,7),(710,'chat710','description710',3.9312,'2022-06-22 03:18:45',7,9),(711,'chat711','description711',0.790388,'2022-06-22 03:18:45',19,19),(712,'chat712','description712',2.01108,'2022-06-22 03:18:45',6,19),(713,'chat713','description713',0.44286,'2022-06-22 03:18:45',7,10),(714,'chat714','description714',2.26888,'2022-06-22 03:18:45',7,7),(715,'chat715','description715',3.23681,'2022-06-22 03:18:45',13,1),(716,'chat716','description716',1.49668,'2022-06-22 03:18:45',15,15),(717,'chat717','description717',4.33663,'2022-06-22 03:18:45',18,10),(718,'chat718','description718',0.377745,'2022-06-22 03:18:45',6,18),(719,'chat719','description719',4.62365,'2022-06-22 03:18:45',5,17),(720,'chat720','description720',2.9201,'2022-06-22 03:18:45',20,9),(721,'chat721','description721',3.64559,'2022-06-22 03:18:45',14,17),(722,'chat722','description722',0.173207,'2022-06-22 03:18:45',13,13),(723,'chat723','description723',1.69814,'2022-06-22 03:18:45',19,2),(724,'chat724','description724',1.91114,'2022-06-22 03:18:45',10,11),(725,'chat725','description725',1.68066,'2022-06-22 03:18:45',11,9),(726,'chat726','description726',2.01073,'2022-06-22 03:18:45',13,18),(727,'chat727','description727',2.6034,'2022-06-22 03:18:45',9,18),(728,'chat728','description728',4.8943,'2022-06-22 03:18:45',20,8),(729,'chat729','description729',1.00726,'2022-06-22 03:18:45',10,4),(730,'chat730','description730',1.73422,'2022-06-22 03:18:45',10,13),(731,'chat731','description731',2.15442,'2022-06-22 03:18:45',7,6),(732,'chat732','description732',3.36373,'2022-06-22 03:18:45',6,1),(733,'chat733','description733',3.73998,'2022-06-22 03:18:45',6,20),(734,'chat734','description734',2.41,'2022-06-22 03:18:45',12,17),(735,'chat735','description735',2.11541,'2022-06-22 03:18:45',10,12),(736,'chat736','description736',0.553086,'2022-06-22 03:18:45',3,9),(737,'chat737','description737',2.44872,'2022-06-22 03:18:45',20,9),(738,'chat738','description738',1.15119,'2022-06-22 03:18:45',13,20),(739,'chat739','description739',3.81925,'2022-06-22 03:18:45',2,19),(740,'chat740','description740',1.63622,'2022-06-22 03:18:45',13,2),(741,'chat741','description741',0.460401,'2022-06-22 03:18:45',3,20),(742,'chat742','description742',3.34931,'2022-06-22 03:18:45',20,5),(743,'chat743','description743',1.95494,'2022-06-22 03:18:45',10,1),(744,'chat744','description744',1.73867,'2022-06-22 03:18:45',20,4),(745,'chat745','description745',1.30159,'2022-06-22 03:18:45',11,20),(746,'chat746','description746',2.34818,'2022-06-22 03:18:45',18,1),(747,'chat747','description747',0.921289,'2022-06-22 03:18:45',10,7),(748,'chat748','description748',1.4648,'2022-06-22 03:18:45',4,17),(749,'chat749','description749',2.5517,'2022-06-22 03:18:45',9,16),(759,'testchat','something',NULL,'2022-06-22 03:27:04',1,1),(760,'chat_test2','put_test',3,'2022-06-22 03:27:07',1,1);
/*!40000 ALTER TABLE `chat` ENABLE KEYS */;
UNLOCK TABLES;

--
-- Table structure for table `country`
--

DROP TABLE IF EXISTS `country`;
/*!40101 SET @saved_cs_client     = @@character_set_client */;
/*!50503 SET character_set_client = utf8mb4 */;
CREATE TABLE `country` (
  `id` int NOT NULL AUTO_INCREMENT,
  `country_name` varchar(10) NOT NULL,
  `country_full_name` varchar(45) DEFAULT NULL,
  PRIMARY KEY (`id`)
) ENGINE=InnoDB AUTO_INCREMENT=21 DEFAULT CHARSET=utf8mb4 COLLATE=utf8mb4_0900_ai_ci;
/*!40101 SET character_set_client = @saved_cs_client */;

--
-- Dumping data for table `country`
--

LOCK TABLES `country` WRITE;
/*!40000 ALTER TABLE `country` DISABLE KEYS */;
INSERT INTO `country` VALUES (1,'RU1','Russia1'),(2,'RU2','Russia2'),(3,'RU3','Russia3'),(4,'RU4','Russia4'),(5,'RU5','Russia5'),(6,'RU6','Russia6'),(7,'RU7','Russia7'),(8,'RU8','Russia8'),(9,'RU9','Russia9'),(10,'RU10','Russia10'),(11,'RU11','Russia11'),(12,'RU12','Russia12'),(13,'RU13','Russia13'),(14,'RU14','Russia14'),(15,'RU15','Russia15'),(16,'RU16','Russia16'),(17,'RU17','Russia17'),(18,'RU18','Russia18'),(19,'RU19','Russia19'),(20,'RU20','Russia20');
/*!40000 ALTER TABLE `country` ENABLE KEYS */;
UNLOCK TABLES;

--
-- Table structure for table `modes`
--

DROP TABLE IF EXISTS `modes`;
/*!40101 SET @saved_cs_client     = @@character_set_client */;
/*!50503 SET character_set_client = utf8mb4 */;
CREATE TABLE `modes` (
  `id` int NOT NULL AUTO_INCREMENT,
  `mode_name` varchar(45) NOT NULL,
  `can_write` tinyint DEFAULT NULL,
  `can_invite` tinyint DEFAULT NULL,
  PRIMARY KEY (`id`)
) ENGINE=InnoDB AUTO_INCREMENT=21 DEFAULT CHARSET=utf8mb4 COLLATE=utf8mb4_0900_ai_ci;
/*!40101 SET character_set_client = @saved_cs_client */;

--
-- Dumping data for table `modes`
--

LOCK TABLES `modes` WRITE;
/*!40000 ALTER TABLE `modes` DISABLE KEYS */;
INSERT INTO `modes` VALUES (1,'AllAllowed1',1,1),(2,'AllAllowed2',1,1),(3,'AllAllowed3',1,1),(4,'AllAllowed4',1,1),(5,'AllAllowed5',1,1),(6,'AllAllowed6',1,1),(7,'AllAllowed7',1,1),(8,'AllAllowed8',1,1),(9,'AllAllowed9',1,1),(10,'AllAllowed10',1,1),(11,'AllAllowed11',1,1),(12,'AllAllowed12',1,1),(13,'AllAllowed13',1,1),(14,'AllAllowed14',1,1),(15,'AllAllowed15',1,1),(16,'AllAllowed16',1,1),(17,'AllAllowed17',1,1),(18,'AllAllowed18',1,1),(19,'AllAllowed19',1,1),(20,'AllAllowed20',1,1);
/*!40000 ALTER TABLE `modes` ENABLE KEYS */;
UNLOCK TABLES;

--
-- Table structure for table `user`
--

DROP TABLE IF EXISTS `user`;
/*!40101 SET @saved_cs_client     = @@character_set_client */;
/*!50503 SET character_set_client = utf8mb4 */;
CREATE TABLE `user` (
  `id` int NOT NULL AUTO_INCREMENT,
  `username` varchar(16) NOT NULL,
  `email` varchar(255) DEFAULT NULL,
  `password` varchar(255) NOT NULL,
  `create_time` timestamp NULL DEFAULT CURRENT_TIMESTAMP,
  `age` int NOT NULL DEFAULT '-1',
  PRIMARY KEY (`id`),
  UNIQUE KEY `username_UNIQUE` (`username`)
) ENGINE=InnoDB AUTO_INCREMENT=761 DEFAULT CHARSET=utf8mb4 COLLATE=utf8mb4_0900_ai_ci;
/*!40101 SET character_set_client = @saved_cs_client */;

--
-- Dumping data for table `user`
--

LOCK TABLES `user` WRITE;
/*!40000 ALTER TABLE `user` DISABLE KEYS */;
INSERT INTO `user` VALUES (1,'user1','1hse.ru','pass1','2022-06-22 03:18:39',23),(2,'user2','2hse.ru','pass2','2022-06-22 03:18:39',33),(3,'user3','3hse.ru','pass3','2022-06-22 03:18:39',25),(4,'user4','4hse.ru','pass4','2022-06-22 03:18:39',49),(5,'user5','5hse.ru','pass5','2022-06-22 03:18:39',24),(6,'user6','6hse.ru','pass6','2022-06-22 03:18:39',32),(7,'user7','7hse.ru','pass7','2022-06-22 03:18:39',32),(8,'user8','8hse.ru','pass8','2022-06-22 03:18:39',34),(9,'user9','9hse.ru','pass9','2022-06-22 03:18:39',35),(10,'user10','10hse.ru','pass10','2022-06-22 03:18:39',36),(11,'user11','11hse.ru','pass11','2022-06-22 03:18:39',39),(13,'user13','13hse.ru','pass13','2022-06-22 03:18:39',22),(14,'user14','14hse.ru','pass14','2022-06-22 03:18:39',45),(15,'user15','15hse.ru','pass15','2022-06-22 03:18:39',38),(16,'user16','16hse.ru','pass16','2022-06-22 03:18:39',18),(17,'user17','17hse.ru','pass17','2022-06-22 03:18:39',47),(18,'user18','18hse.ru','pass18','2022-06-22 03:18:39',38),(19,'user19','19hse.ru','pass19','2022-06-22 03:18:39',27),(20,'user20','20hse.ru','pass20','2022-06-22 03:18:39',31),(21,'user21','21hse.ru','pass21','2022-06-22 03:18:39',35),(22,'user22','22hse.ru','pass22','2022-06-22 03:18:39',24),(23,'user23','23hse.ru','pass23','2022-06-22 03:18:39',39),(24,'user24','24hse.ru','pass24','2022-06-22 03:18:39',43),(25,'user25','25hse.ru','pass25','2022-06-22 03:18:39',32),(26,'user26','26hse.ru','pass26','2022-06-22 03:18:39',20),(27,'user27','27hse.ru','pass27','2022-06-22 03:18:39',50),(28,'user28','28hse.ru','pass28','2022-06-22 03:18:39',33),(29,'user29','29hse.ru','pass29','2022-06-22 03:18:39',46),(30,'user30','30hse.ru','pass30','2022-06-22 03:18:39',49),(31,'user31','31hse.ru','pass31','2022-06-22 03:18:39',27),(32,'user32','32hse.ru','pass32','2022-06-22 03:18:39',30),(33,'user33','33hse.ru','pass33','2022-06-22 03:18:39',25),(34,'user34','34hse.ru','pass34','2022-06-22 03:18:39',52),(35,'user35','35hse.ru','pass35','2022-06-22 03:18:39',24),(36,'user36','36hse.ru','pass36','2022-06-22 03:18:39',22),(37,'user37','37hse.ru','pass37','2022-06-22 03:18:39',46),(38,'user38','38hse.ru','pass38','2022-06-22 03:18:39',35),(39,'user39','39hse.ru','pass39','2022-06-22 03:18:39',48),(40,'user40','40hse.ru','pass40','2022-06-22 03:18:39',39),(41,'user41','41hse.ru','pass41','2022-06-22 03:18:39',36),(42,'user42','42hse.ru','pass42','2022-06-22 03:18:39',28),(43,'user43','43hse.ru','pass43','2022-06-22 03:18:39',52),(44,'user44','44hse.ru','pass44','2022-06-22 03:18:39',20),(45,'user45','45hse.ru','pass45','2022-06-22 03:18:39',26),(46,'user46','46hse.ru','pass46','2022-06-22 03:18:39',36),(47,'user47','47hse.ru','pass47','2022-06-22 03:18:39',31),(48,'user48','48hse.ru','pass48','2022-06-22 03:18:39',22),(49,'user49','49hse.ru','pass49','2022-06-22 03:18:39',52),(50,'user50','50hse.ru','pass50','2022-06-22 03:18:39',45),(51,'user51','51hse.ru','pass51','2022-06-22 03:18:39',30),(52,'user52','52hse.ru','pass52','2022-06-22 03:18:39',50),(53,'user53','53hse.ru','pass53','2022-06-22 03:18:39',35),(54,'user54','54hse.ru','pass54','2022-06-22 03:18:39',50),(55,'user55','55hse.ru','pass55','2022-06-22 03:18:39',28),(56,'user56','56hse.ru','pass56','2022-06-22 03:18:39',40),(57,'user57','57hse.ru','pass57','2022-06-22 03:18:39',35),(58,'user58','58hse.ru','pass58','2022-06-22 03:18:39',50),(59,'user59','59hse.ru','pass59','2022-06-22 03:18:39',45),(60,'user60','60hse.ru','pass60','2022-06-22 03:18:39',23),(61,'user61','61hse.ru','pass61','2022-06-22 03:18:39',42),(62,'user62','62hse.ru','pass62','2022-06-22 03:18:39',44),(63,'user63','63hse.ru','pass63','2022-06-22 03:18:39',49),(64,'user64','64hse.ru','pass64','2022-06-22 03:18:39',33),(65,'user65','65hse.ru','pass65','2022-06-22 03:18:39',52),(66,'user66','66hse.ru','pass66','2022-06-22 03:18:39',27),(67,'user67','67hse.ru','pass67','2022-06-22 03:18:39',42),(68,'user68','68hse.ru','pass68','2022-06-22 03:18:40',21),(69,'user69','69hse.ru','pass69','2022-06-22 03:18:40',23),(70,'user70','70hse.ru','pass70','2022-06-22 03:18:40',49),(71,'user71','71hse.ru','pass71','2022-06-22 03:18:40',21),(72,'user72','72hse.ru','pass72','2022-06-22 03:18:40',20),(73,'user73','73hse.ru','pass73','2022-06-22 03:18:40',45),(74,'user74','74hse.ru','pass74','2022-06-22 03:18:40',33),(75,'user75','75hse.ru','pass75','2022-06-22 03:18:40',41),(76,'user76','76hse.ru','pass76','2022-06-22 03:18:40',42),(77,'user77','77hse.ru','pass77','2022-06-22 03:18:40',20),(78,'user78','78hse.ru','pass78','2022-06-22 03:18:40',44),(79,'user79','79hse.ru','pass79','2022-06-22 03:18:40',38),(80,'user80','80hse.ru','pass80','2022-06-22 03:18:40',25),(81,'user81','81hse.ru','pass81','2022-06-22 03:18:40',24),(82,'user82','82hse.ru','pass82','2022-06-22 03:18:40',44),(83,'user83','83hse.ru','pass83','2022-06-22 03:18:40',45),(84,'user84','84hse.ru','pass84','2022-06-22 03:18:40',37),(85,'user85','85hse.ru','pass85','2022-06-22 03:18:40',28),(86,'user86','86hse.ru','pass86','2022-06-22 03:18:40',25),(87,'user87','87hse.ru','pass87','2022-06-22 03:18:40',51),(88,'user88','88hse.ru','pass88','2022-06-22 03:18:40',23),(89,'user89','89hse.ru','pass89','2022-06-22 03:18:40',43),(90,'user90','90hse.ru','pass90','2022-06-22 03:18:40',41),(91,'user91','91hse.ru','pass91','2022-06-22 03:18:40',47),(92,'user92','92hse.ru','pass92','2022-06-22 03:18:40',33),(93,'user93','93hse.ru','pass93','2022-06-22 03:18:40',32),(94,'user94','94hse.ru','pass94','2022-06-22 03:18:40',35),(95,'user95','95hse.ru','pass95','2022-06-22 03:18:40',35),(96,'user96','96hse.ru','pass96','2022-06-22 03:18:40',38),(97,'user97','97hse.ru','pass97','2022-06-22 03:18:40',38),(98,'user98','98hse.ru','pass98','2022-06-22 03:18:40',21),(99,'user99','99hse.ru','pass99','2022-06-22 03:18:40',31),(100,'user100','100hse.ru','pass100','2022-06-22 03:18:40',31),(101,'user101','101hse.ru','pass101','2022-06-22 03:18:40',44),(102,'user102','102hse.ru','pass102','2022-06-22 03:18:40',46),(103,'user103','103hse.ru','pass103','2022-06-22 03:18:40',28),(104,'user104','104hse.ru','pass104','2022-06-22 03:18:40',31),(105,'user105','105hse.ru','pass105','2022-06-22 03:18:40',20),(106,'user106','106hse.ru','pass106','2022-06-22 03:18:40',48),(107,'user107','107hse.ru','pass107','2022-06-22 03:18:40',26),(108,'user108','108hse.ru','pass108','2022-06-22 03:18:40',48),(109,'user109','109hse.ru','pass109','2022-06-22 03:18:40',51),(110,'user110','110hse.ru','pass110','2022-06-22 03:18:40',26),(111,'user111','111hse.ru','pass111','2022-06-22 03:18:40',43),(112,'user112','112hse.ru','pass112','2022-06-22 03:18:40',48),(113,'user113','113hse.ru','pass113','2022-06-22 03:18:40',31),(114,'user114','114hse.ru','pass114','2022-06-22 03:18:40',20),(115,'user115','115hse.ru','pass115','2022-06-22 03:18:40',38),(116,'user116','116hse.ru','pass116','2022-06-22 03:18:40',23),(117,'user117','117hse.ru','pass117','2022-06-22 03:18:40',30),(118,'user118','118hse.ru','pass118','2022-06-22 03:18:40',29),(119,'user119','119hse.ru','pass119','2022-06-22 03:18:40',42),(120,'user120','120hse.ru','pass120','2022-06-22 03:18:40',41),(121,'user121','121hse.ru','pass121','2022-06-22 03:18:40',47),(122,'user122','122hse.ru','pass122','2022-06-22 03:18:40',47),(123,'user123','123hse.ru','pass123','2022-06-22 03:18:40',40),(124,'user124','124hse.ru','pass124','2022-06-22 03:18:40',34),(125,'user125','125hse.ru','pass125','2022-06-22 03:18:40',38),(126,'user126','126hse.ru','pass126','2022-06-22 03:18:40',29),(127,'user127','127hse.ru','pass127','2022-06-22 03:18:40',41),(128,'user128','128hse.ru','pass128','2022-06-22 03:18:40',22),(129,'user129','129hse.ru','pass129','2022-06-22 03:18:40',47),(130,'user130','130hse.ru','pass130','2022-06-22 03:18:40',25),(131,'user131','131hse.ru','pass131','2022-06-22 03:18:40',22),(132,'user132','132hse.ru','pass132','2022-06-22 03:18:40',26),(133,'user133','133hse.ru','pass133','2022-06-22 03:18:40',33),(134,'user134','134hse.ru','pass134','2022-06-22 03:18:40',19),(135,'user135','135hse.ru','pass135','2022-06-22 03:18:40',52),(136,'user136','136hse.ru','pass136','2022-06-22 03:18:40',25),(137,'user137','137hse.ru','pass137','2022-06-22 03:18:40',34),(138,'user138','138hse.ru','pass138','2022-06-22 03:18:40',35),(139,'user139','139hse.ru','pass139','2022-06-22 03:18:40',20),(140,'user140','140hse.ru','pass140','2022-06-22 03:18:40',45),(141,'user141','141hse.ru','pass141','2022-06-22 03:18:40',46),(142,'user142','142hse.ru','pass142','2022-06-22 03:18:40',24),(143,'user143','143hse.ru','pass143','2022-06-22 03:18:40',27),(144,'user144','144hse.ru','pass144','2022-06-22 03:18:40',42),(145,'user145','145hse.ru','pass145','2022-06-22 03:18:40',52),(146,'user146','146hse.ru','pass146','2022-06-22 03:18:40',23),(147,'user147','147hse.ru','pass147','2022-06-22 03:18:40',45),(148,'user148','148hse.ru','pass148','2022-06-22 03:18:40',38),(149,'user149','149hse.ru','pass149','2022-06-22 03:18:40',20),(150,'user150','150hse.ru','pass150','2022-06-22 03:18:40',50),(151,'user151','151hse.ru','pass151','2022-06-22 03:18:40',33),(152,'user152','152hse.ru','pass152','2022-06-22 03:18:40',20),(153,'user153','153hse.ru','pass153','2022-06-22 03:18:40',21),(154,'user154','154hse.ru','pass154','2022-06-22 03:18:40',33),(155,'user155','155hse.ru','pass155','2022-06-22 03:18:40',35),(156,'user156','156hse.ru','pass156','2022-06-22 03:18:40',51),(157,'user157','157hse.ru','pass157','2022-06-22 03:18:40',48),(158,'user158','158hse.ru','pass158','2022-06-22 03:18:40',19),(159,'user159','159hse.ru','pass159','2022-06-22 03:18:40',46),(160,'user160','160hse.ru','pass160','2022-06-22 03:18:40',41),(161,'user161','161hse.ru','pass161','2022-06-22 03:18:40',39),(162,'user162','162hse.ru','pass162','2022-06-22 03:18:40',38),(163,'user163','163hse.ru','pass163','2022-06-22 03:18:40',26),(164,'user164','164hse.ru','pass164','2022-06-22 03:18:40',26),(165,'user165','165hse.ru','pass165','2022-06-22 03:18:40',34),(166,'user166','166hse.ru','pass166','2022-06-22 03:18:40',40),(167,'user167','167hse.ru','pass167','2022-06-22 03:18:40',20),(168,'user168','168hse.ru','pass168','2022-06-22 03:18:40',18),(169,'user169','169hse.ru','pass169','2022-06-22 03:18:40',32),(170,'user170','170hse.ru','pass170','2022-06-22 03:18:40',47),(171,'user171','171hse.ru','pass171','2022-06-22 03:18:40',52),(172,'user172','172hse.ru','pass172','2022-06-22 03:18:40',36),(173,'user173','173hse.ru','pass173','2022-06-22 03:18:40',43),(174,'user174','174hse.ru','pass174','2022-06-22 03:18:40',20),(175,'user175','175hse.ru','pass175','2022-06-22 03:18:40',51),(176,'user176','176hse.ru','pass176','2022-06-22 03:18:40',40),(177,'user177','177hse.ru','pass177','2022-06-22 03:18:40',27),(178,'user178','178hse.ru','pass178','2022-06-22 03:18:40',52),(179,'user179','179hse.ru','pass179','2022-06-22 03:18:40',37),(180,'user180','180hse.ru','pass180','2022-06-22 03:18:40',37),(181,'user181','181hse.ru','pass181','2022-06-22 03:18:40',41),(182,'user182','182hse.ru','pass182','2022-06-22 03:18:40',40),(183,'user183','183hse.ru','pass183','2022-06-22 03:18:40',33),(184,'user184','184hse.ru','pass184','2022-06-22 03:18:41',29),(185,'user185','185hse.ru','pass185','2022-06-22 03:18:41',49),(186,'user186','186hse.ru','pass186','2022-06-22 03:18:41',48),(187,'user187','187hse.ru','pass187','2022-06-22 03:18:41',47),(188,'user188','188hse.ru','pass188','2022-06-22 03:18:41',42),(189,'user189','189hse.ru','pass189','2022-06-22 03:18:41',20),(190,'user190','190hse.ru','pass190','2022-06-22 03:18:41',50),(191,'user191','191hse.ru','pass191','2022-06-22 03:18:41',20),(192,'user192','192hse.ru','pass192','2022-06-22 03:18:41',30),(193,'user193','193hse.ru','pass193','2022-06-22 03:18:41',27),(194,'user194','194hse.ru','pass194','2022-06-22 03:18:41',26),(195,'user195','195hse.ru','pass195','2022-06-22 03:18:41',47),(196,'user196','196hse.ru','pass196','2022-06-22 03:18:41',40),(197,'user197','197hse.ru','pass197','2022-06-22 03:18:41',19),(198,'user198','198hse.ru','pass198','2022-06-22 03:18:41',18),(199,'user199','199hse.ru','pass199','2022-06-22 03:18:41',27),(200,'user200','200hse.ru','pass200','2022-06-22 03:18:41',36),(201,'user201','201hse.ru','pass201','2022-06-22 03:18:41',51),(202,'user202','202hse.ru','pass202','2022-06-22 03:18:41',45),(203,'user203','203hse.ru','pass203','2022-06-22 03:18:41',27),(204,'user204','204hse.ru','pass204','2022-06-22 03:18:41',24),(205,'user205','205hse.ru','pass205','2022-06-22 03:18:41',39),(206,'user206','206hse.ru','pass206','2022-06-22 03:18:41',47),(207,'user207','207hse.ru','pass207','2022-06-22 03:18:41',18),(208,'user208','208hse.ru','pass208','2022-06-22 03:18:41',41),(209,'user209','209hse.ru','pass209','2022-06-22 03:18:41',47),(210,'user210','210hse.ru','pass210','2022-06-22 03:18:41',20),(211,'user211','211hse.ru','pass211','2022-06-22 03:18:41',42),(212,'user212','212hse.ru','pass212','2022-06-22 03:18:41',44),(213,'user213','213hse.ru','pass213','2022-06-22 03:18:41',33),(214,'user214','214hse.ru','pass214','2022-06-22 03:18:41',50),(215,'user215','215hse.ru','pass215','2022-06-22 03:18:41',51),(216,'user216','216hse.ru','pass216','2022-06-22 03:18:41',29),(217,'user217','217hse.ru','pass217','2022-06-22 03:18:41',24),(218,'user218','218hse.ru','pass218','2022-06-22 03:18:41',39),(219,'user219','219hse.ru','pass219','2022-06-22 03:18:41',19),(220,'user220','220hse.ru','pass220','2022-06-22 03:18:41',37),(221,'user221','221hse.ru','pass221','2022-06-22 03:18:41',32),(222,'user222','222hse.ru','pass222','2022-06-22 03:18:41',27),(223,'user223','223hse.ru','pass223','2022-06-22 03:18:41',27),(224,'user224','224hse.ru','pass224','2022-06-22 03:18:41',48),(225,'user225','225hse.ru','pass225','2022-06-22 03:18:41',35),(226,'user226','226hse.ru','pass226','2022-06-22 03:18:41',42),(227,'user227','227hse.ru','pass227','2022-06-22 03:18:41',43),(228,'user228','228hse.ru','pass228','2022-06-22 03:18:41',27),(229,'user229','229hse.ru','pass229','2022-06-22 03:18:41',23),(230,'user230','230hse.ru','pass230','2022-06-22 03:18:41',30),(231,'user231','231hse.ru','pass231','2022-06-22 03:18:41',44),(232,'user232','232hse.ru','pass232','2022-06-22 03:18:41',40),(233,'user233','233hse.ru','pass233','2022-06-22 03:18:41',22),(234,'user234','234hse.ru','pass234','2022-06-22 03:18:41',42),(235,'user235','235hse.ru','pass235','2022-06-22 03:18:41',21),(236,'user236','236hse.ru','pass236','2022-06-22 03:18:41',49),(237,'user237','237hse.ru','pass237','2022-06-22 03:18:41',23),(238,'user238','238hse.ru','pass238','2022-06-22 03:18:41',32),(239,'user239','239hse.ru','pass239','2022-06-22 03:18:41',24),(240,'user240','240hse.ru','pass240','2022-06-22 03:18:41',41),(241,'user241','241hse.ru','pass241','2022-06-22 03:18:41',40),(242,'user242','242hse.ru','pass242','2022-06-22 03:18:41',36),(243,'user243','243hse.ru','pass243','2022-06-22 03:18:41',20),(244,'user244','244hse.ru','pass244','2022-06-22 03:18:41',35),(245,'user245','245hse.ru','pass245','2022-06-22 03:18:41',37),(246,'user246','246hse.ru','pass246','2022-06-22 03:18:41',33),(247,'user247','247hse.ru','pass247','2022-06-22 03:18:41',23),(248,'user248','248hse.ru','pass248','2022-06-22 03:18:41',35),(249,'user249','249hse.ru','pass249','2022-06-22 03:18:41',24),(250,'user250','250hse.ru','pass250','2022-06-22 03:18:41',44),(251,'user251','251hse.ru','pass251','2022-06-22 03:18:41',47),(252,'user252','252hse.ru','pass252','2022-06-22 03:18:41',43),(253,'user253','253hse.ru','pass253','2022-06-22 03:18:41',34),(254,'user254','254hse.ru','pass254','2022-06-22 03:18:41',25),(255,'user255','255hse.ru','pass255','2022-06-22 03:18:41',33),(256,'user256','256hse.ru','pass256','2022-06-22 03:18:41',52),(257,'user257','257hse.ru','pass257','2022-06-22 03:18:41',30),(258,'user258','258hse.ru','pass258','2022-06-22 03:18:41',40),(259,'user259','259hse.ru','pass259','2022-06-22 03:18:41',21),(260,'user260','260hse.ru','pass260','2022-06-22 03:18:41',39),(261,'user261','261hse.ru','pass261','2022-06-22 03:18:41',18),(262,'user262','262hse.ru','pass262','2022-06-22 03:18:41',36),(263,'user263','263hse.ru','pass263','2022-06-22 03:18:41',38),(264,'user264','264hse.ru','pass264','2022-06-22 03:18:41',36),(265,'user265','265hse.ru','pass265','2022-06-22 03:18:41',35),(266,'user266','266hse.ru','pass266','2022-06-22 03:18:41',45),(267,'user267','267hse.ru','pass267','2022-06-22 03:18:41',47),(268,'user268','268hse.ru','pass268','2022-06-22 03:18:41',21),(269,'user269','269hse.ru','pass269','2022-06-22 03:18:41',26),(270,'user270','270hse.ru','pass270','2022-06-22 03:18:41',19),(271,'user271','271hse.ru','pass271','2022-06-22 03:18:41',19),(272,'user272','272hse.ru','pass272','2022-06-22 03:18:41',26),(273,'user273','273hse.ru','pass273','2022-06-22 03:18:41',49),(274,'user274','274hse.ru','pass274','2022-06-22 03:18:41',41),(275,'user275','275hse.ru','pass275','2022-06-22 03:18:41',32),(276,'user276','276hse.ru','pass276','2022-06-22 03:18:41',21),(277,'user277','277hse.ru','pass277','2022-06-22 03:18:41',21),(278,'user278','278hse.ru','pass278','2022-06-22 03:18:41',52),(279,'user279','279hse.ru','pass279','2022-06-22 03:18:41',29),(280,'user280','280hse.ru','pass280','2022-06-22 03:18:41',27),(281,'user281','281hse.ru','pass281','2022-06-22 03:18:41',24),(282,'user282','282hse.ru','pass282','2022-06-22 03:18:41',31),(283,'user283','283hse.ru','pass283','2022-06-22 03:18:41',18),(284,'user284','284hse.ru','pass284','2022-06-22 03:18:41',33),(285,'user285','285hse.ru','pass285','2022-06-22 03:18:41',36),(286,'user286','286hse.ru','pass286','2022-06-22 03:18:41',41),(287,'user287','287hse.ru','pass287','2022-06-22 03:18:41',36),(288,'user288','288hse.ru','pass288','2022-06-22 03:18:41',21),(289,'user289','289hse.ru','pass289','2022-06-22 03:18:41',38),(290,'user290','290hse.ru','pass290','2022-06-22 03:18:41',37),(291,'user291','291hse.ru','pass291','2022-06-22 03:18:41',49),(292,'user292','292hse.ru','pass292','2022-06-22 03:18:41',24),(293,'user293','293hse.ru','pass293','2022-06-22 03:18:41',42),(294,'user294','294hse.ru','pass294','2022-06-22 03:18:41',34),(295,'user295','295hse.ru','pass295','2022-06-22 03:18:41',39),(296,'user296','296hse.ru','pass296','2022-06-22 03:18:41',46),(297,'user297','297hse.ru','pass297','2022-06-22 03:18:41',40),(298,'user298','298hse.ru','pass298','2022-06-22 03:18:42',40),(299,'user299','299hse.ru','pass299','2022-06-22 03:18:42',32),(300,'user300','300hse.ru','pass300','2022-06-22 03:18:42',34),(301,'user301','301hse.ru','pass301','2022-06-22 03:18:42',23),(302,'user302','302hse.ru','pass302','2022-06-22 03:18:42',20),(303,'user303','303hse.ru','pass303','2022-06-22 03:18:42',36),(304,'user304','304hse.ru','pass304','2022-06-22 03:18:42',28),(305,'user305','305hse.ru','pass305','2022-06-22 03:18:42',22),(306,'user306','306hse.ru','pass306','2022-06-22 03:18:42',44),(307,'user307','307hse.ru','pass307','2022-06-22 03:18:42',23),(308,'user308','308hse.ru','pass308','2022-06-22 03:18:42',50),(309,'user309','309hse.ru','pass309','2022-06-22 03:18:42',24),(310,'user310','310hse.ru','pass310','2022-06-22 03:18:42',35),(311,'user311','311hse.ru','pass311','2022-06-22 03:18:42',35),(312,'user312','312hse.ru','pass312','2022-06-22 03:18:42',43),(313,'user313','313hse.ru','pass313','2022-06-22 03:18:42',34),(314,'user314','314hse.ru','pass314','2022-06-22 03:18:42',44),(315,'user315','315hse.ru','pass315','2022-06-22 03:18:42',32),(316,'user316','316hse.ru','pass316','2022-06-22 03:18:42',29),(317,'user317','317hse.ru','pass317','2022-06-22 03:18:42',28),(318,'user318','318hse.ru','pass318','2022-06-22 03:18:42',24),(319,'user319','319hse.ru','pass319','2022-06-22 03:18:42',41),(320,'user320','320hse.ru','pass320','2022-06-22 03:18:42',29),(321,'user321','321hse.ru','pass321','2022-06-22 03:18:42',50),(322,'user322','322hse.ru','pass322','2022-06-22 03:18:42',39),(323,'user323','323hse.ru','pass323','2022-06-22 03:18:42',33),(324,'user324','324hse.ru','pass324','2022-06-22 03:18:42',32),(325,'user325','325hse.ru','pass325','2022-06-22 03:18:42',42),(326,'user326','326hse.ru','pass326','2022-06-22 03:18:42',48),(327,'user327','327hse.ru','pass327','2022-06-22 03:18:42',44),(328,'user328','328hse.ru','pass328','2022-06-22 03:18:42',18),(329,'user329','329hse.ru','pass329','2022-06-22 03:18:42',39),(330,'user330','330hse.ru','pass330','2022-06-22 03:18:42',33),(331,'user331','331hse.ru','pass331','2022-06-22 03:18:42',46),(332,'user332','332hse.ru','pass332','2022-06-22 03:18:42',49),(333,'user333','333hse.ru','pass333','2022-06-22 03:18:42',46),(334,'user334','334hse.ru','pass334','2022-06-22 03:18:42',37),(335,'user335','335hse.ru','pass335','2022-06-22 03:18:42',48),(336,'user336','336hse.ru','pass336','2022-06-22 03:18:42',51),(337,'user337','337hse.ru','pass337','2022-06-22 03:18:42',33),(338,'user338','338hse.ru','pass338','2022-06-22 03:18:42',44),(339,'user339','339hse.ru','pass339','2022-06-22 03:18:42',43),(340,'user340','340hse.ru','pass340','2022-06-22 03:18:42',52),(341,'user341','341hse.ru','pass341','2022-06-22 03:18:42',33),(342,'user342','342hse.ru','pass342','2022-06-22 03:18:42',48),(343,'user343','343hse.ru','pass343','2022-06-22 03:18:42',49),(344,'user344','344hse.ru','pass344','2022-06-22 03:18:42',30),(345,'user345','345hse.ru','pass345','2022-06-22 03:18:42',51),(346,'user346','346hse.ru','pass346','2022-06-22 03:18:42',39),(347,'user347','347hse.ru','pass347','2022-06-22 03:18:42',39),(348,'user348','348hse.ru','pass348','2022-06-22 03:18:42',29),(349,'user349','349hse.ru','pass349','2022-06-22 03:18:42',34),(350,'user350','350hse.ru','pass350','2022-06-22 03:18:42',36),(351,'user351','351hse.ru','pass351','2022-06-22 03:18:42',24),(352,'user352','352hse.ru','pass352','2022-06-22 03:18:42',22),(353,'user353','353hse.ru','pass353','2022-06-22 03:18:42',49),(354,'user354','354hse.ru','pass354','2022-06-22 03:18:42',36),(355,'user355','355hse.ru','pass355','2022-06-22 03:18:42',51),(356,'user356','356hse.ru','pass356','2022-06-22 03:18:42',42),(357,'user357','357hse.ru','pass357','2022-06-22 03:18:42',34),(358,'user358','358hse.ru','pass358','2022-06-22 03:18:42',20),(359,'user359','359hse.ru','pass359','2022-06-22 03:18:42',52),(360,'user360','360hse.ru','pass360','2022-06-22 03:18:42',35),(361,'user361','361hse.ru','pass361','2022-06-22 03:18:42',39),(362,'user362','362hse.ru','pass362','2022-06-22 03:18:42',51),(363,'user363','363hse.ru','pass363','2022-06-22 03:18:42',52),(364,'user364','364hse.ru','pass364','2022-06-22 03:18:42',42),(365,'user365','365hse.ru','pass365','2022-06-22 03:18:42',40),(366,'user366','366hse.ru','pass366','2022-06-22 03:18:42',39),(367,'user367','367hse.ru','pass367','2022-06-22 03:18:42',31),(368,'user368','368hse.ru','pass368','2022-06-22 03:18:42',50),(369,'user369','369hse.ru','pass369','2022-06-22 03:18:42',39),(370,'user370','370hse.ru','pass370','2022-06-22 03:18:42',32),(371,'user371','371hse.ru','pass371','2022-06-22 03:18:42',29),(372,'user372','372hse.ru','pass372','2022-06-22 03:18:42',24),(373,'user373','373hse.ru','pass373','2022-06-22 03:18:42',19),(374,'user374','374hse.ru','pass374','2022-06-22 03:18:42',37),(375,'user375','375hse.ru','pass375','2022-06-22 03:18:42',35),(376,'user376','376hse.ru','pass376','2022-06-22 03:18:42',26),(377,'user377','377hse.ru','pass377','2022-06-22 03:18:42',32),(378,'user378','378hse.ru','pass378','2022-06-22 03:18:42',31),(379,'user379','379hse.ru','pass379','2022-06-22 03:18:42',18),(380,'user380','380hse.ru','pass380','2022-06-22 03:18:42',37),(381,'user381','381hse.ru','pass381','2022-06-22 03:18:42',47),(382,'user382','382hse.ru','pass382','2022-06-22 03:18:42',22),(383,'user383','383hse.ru','pass383','2022-06-22 03:18:42',47),(384,'user384','384hse.ru','pass384','2022-06-22 03:18:42',33),(385,'user385','385hse.ru','pass385','2022-06-22 03:18:42',46),(386,'user386','386hse.ru','pass386','2022-06-22 03:18:42',43),(387,'user387','387hse.ru','pass387','2022-06-22 03:18:42',33),(388,'user388','388hse.ru','pass388','2022-06-22 03:18:42',32),(389,'user389','389hse.ru','pass389','2022-06-22 03:18:42',22),(390,'user390','390hse.ru','pass390','2022-06-22 03:18:42',22),(391,'user391','391hse.ru','pass391','2022-06-22 03:18:42',33),(392,'user392','392hse.ru','pass392','2022-06-22 03:18:42',27),(393,'user393','393hse.ru','pass393','2022-06-22 03:18:42',48),(394,'user394','394hse.ru','pass394','2022-06-22 03:18:42',43),(395,'user395','395hse.ru','pass395','2022-06-22 03:18:42',52),(396,'user396','396hse.ru','pass396','2022-06-22 03:18:42',44),(397,'user397','397hse.ru','pass397','2022-06-22 03:18:42',30),(398,'user398','398hse.ru','pass398','2022-06-22 03:18:42',42),(399,'user399','399hse.ru','pass399','2022-06-22 03:18:42',31),(400,'user400','400hse.ru','pass400','2022-06-22 03:18:42',31),(401,'user401','401hse.ru','pass401','2022-06-22 03:18:42',38),(402,'user402','402hse.ru','pass402','2022-06-22 03:18:42',41),(403,'user403','403hse.ru','pass403','2022-06-22 03:18:42',22),(404,'user404','404hse.ru','pass404','2022-06-22 03:18:42',23),(405,'user405','405hse.ru','pass405','2022-06-22 03:18:42',47),(406,'user406','406hse.ru','pass406','2022-06-22 03:18:42',28),(407,'user407','407hse.ru','pass407','2022-06-22 03:18:42',35),(408,'user408','408hse.ru','pass408','2022-06-22 03:18:42',34),(409,'user409','409hse.ru','pass409','2022-06-22 03:18:42',51),(410,'user410','410hse.ru','pass410','2022-06-22 03:18:42',20),(411,'user411','411hse.ru','pass411','2022-06-22 03:18:42',48),(412,'user412','412hse.ru','pass412','2022-06-22 03:18:42',35),(413,'user413','413hse.ru','pass413','2022-06-22 03:18:42',34),(414,'user414','414hse.ru','pass414','2022-06-22 03:18:42',41),(415,'user415','415hse.ru','pass415','2022-06-22 03:18:42',45),(416,'user416','416hse.ru','pass416','2022-06-22 03:18:42',40),(417,'user417','417hse.ru','pass417','2022-06-22 03:18:42',46),(418,'user418','418hse.ru','pass418','2022-06-22 03:18:42',52),(419,'user419','419hse.ru','pass419','2022-06-22 03:18:43',24),(420,'user420','420hse.ru','pass420','2022-06-22 03:18:43',36),(421,'user421','421hse.ru','pass421','2022-06-22 03:18:43',32),(422,'user422','422hse.ru','pass422','2022-06-22 03:18:43',28),(423,'user423','423hse.ru','pass423','2022-06-22 03:18:43',51),(424,'user424','424hse.ru','pass424','2022-06-22 03:18:43',37),(425,'user425','425hse.ru','pass425','2022-06-22 03:18:43',52),(426,'user426','426hse.ru','pass426','2022-06-22 03:18:43',40),(427,'user427','427hse.ru','pass427','2022-06-22 03:18:43',38),(428,'user428','428hse.ru','pass428','2022-06-22 03:18:43',36),(429,'user429','429hse.ru','pass429','2022-06-22 03:18:43',36),(430,'user430','430hse.ru','pass430','2022-06-22 03:18:43',35),(431,'user431','431hse.ru','pass431','2022-06-22 03:18:43',30),(432,'user432','432hse.ru','pass432','2022-06-22 03:18:43',51),(433,'user433','433hse.ru','pass433','2022-06-22 03:18:43',36),(434,'user434','434hse.ru','pass434','2022-06-22 03:18:43',51),(435,'user435','435hse.ru','pass435','2022-06-22 03:18:43',38),(436,'user436','436hse.ru','pass436','2022-06-22 03:18:43',25),(437,'user437','437hse.ru','pass437','2022-06-22 03:18:43',48),(438,'user438','438hse.ru','pass438','2022-06-22 03:18:43',18),(439,'user439','439hse.ru','pass439','2022-06-22 03:18:43',20),(440,'user440','440hse.ru','pass440','2022-06-22 03:18:43',28),(441,'user441','441hse.ru','pass441','2022-06-22 03:18:43',50),(442,'user442','442hse.ru','pass442','2022-06-22 03:18:43',50),(443,'user443','443hse.ru','pass443','2022-06-22 03:18:43',47),(444,'user444','444hse.ru','pass444','2022-06-22 03:18:43',19),(445,'user445','445hse.ru','pass445','2022-06-22 03:18:43',51),(446,'user446','446hse.ru','pass446','2022-06-22 03:18:43',36),(447,'user447','447hse.ru','pass447','2022-06-22 03:18:43',33),(448,'user448','448hse.ru','pass448','2022-06-22 03:18:43',19),(449,'user449','449hse.ru','pass449','2022-06-22 03:18:43',39),(450,'user450','450hse.ru','pass450','2022-06-22 03:18:43',31),(451,'user451','451hse.ru','pass451','2022-06-22 03:18:43',32),(452,'user452','452hse.ru','pass452','2022-06-22 03:18:43',45),(453,'user453','453hse.ru','pass453','2022-06-22 03:18:43',52),(454,'user454','454hse.ru','pass454','2022-06-22 03:18:43',27),(455,'user455','455hse.ru','pass455','2022-06-22 03:18:43',28),(456,'user456','456hse.ru','pass456','2022-06-22 03:18:43',20),(457,'user457','457hse.ru','pass457','2022-06-22 03:18:43',30),(458,'user458','458hse.ru','pass458','2022-06-22 03:18:43',49),(459,'user459','459hse.ru','pass459','2022-06-22 03:18:43',40),(460,'user460','460hse.ru','pass460','2022-06-22 03:18:43',24),(461,'user461','461hse.ru','pass461','2022-06-22 03:18:43',34),(462,'user462','462hse.ru','pass462','2022-06-22 03:18:43',33),(463,'user463','463hse.ru','pass463','2022-06-22 03:18:43',51),(464,'user464','464hse.ru','pass464','2022-06-22 03:18:43',34),(465,'user465','465hse.ru','pass465','2022-06-22 03:18:43',35),(466,'user466','466hse.ru','pass466','2022-06-22 03:18:43',26),(467,'user467','467hse.ru','pass467','2022-06-22 03:18:43',36),(468,'user468','468hse.ru','pass468','2022-06-22 03:18:43',35),(469,'user469','469hse.ru','pass469','2022-06-22 03:18:43',26),(470,'user470','470hse.ru','pass470','2022-06-22 03:18:43',24),(471,'user471','471hse.ru','pass471','2022-06-22 03:18:43',49),(472,'user472','472hse.ru','pass472','2022-06-22 03:18:43',31),(473,'user473','473hse.ru','pass473','2022-06-22 03:18:43',20),(474,'user474','474hse.ru','pass474','2022-06-22 03:18:43',45),(475,'user475','475hse.ru','pass475','2022-06-22 03:18:43',51),(476,'user476','476hse.ru','pass476','2022-06-22 03:18:43',52),(477,'user477','477hse.ru','pass477','2022-06-22 03:18:43',38),(478,'user478','478hse.ru','pass478','2022-06-22 03:18:43',18),(479,'user479','479hse.ru','pass479','2022-06-22 03:18:43',29),(480,'user480','480hse.ru','pass480','2022-06-22 03:18:43',19),(481,'user481','481hse.ru','pass481','2022-06-22 03:18:43',21),(482,'user482','482hse.ru','pass482','2022-06-22 03:18:43',19),(483,'user483','483hse.ru','pass483','2022-06-22 03:18:43',32),(484,'user484','484hse.ru','pass484','2022-06-22 03:18:43',30),(485,'user485','485hse.ru','pass485','2022-06-22 03:18:43',26),(486,'user486','486hse.ru','pass486','2022-06-22 03:18:43',33),(487,'user487','487hse.ru','pass487','2022-06-22 03:18:43',51),(488,'user488','488hse.ru','pass488','2022-06-22 03:18:43',28),(489,'user489','489hse.ru','pass489','2022-06-22 03:18:43',28),(490,'user490','490hse.ru','pass490','2022-06-22 03:18:43',30),(491,'user491','491hse.ru','pass491','2022-06-22 03:18:43',20),(492,'user492','492hse.ru','pass492','2022-06-22 03:18:43',46),(493,'user493','493hse.ru','pass493','2022-06-22 03:18:43',21),(494,'user494','494hse.ru','pass494','2022-06-22 03:18:43',50),(495,'user495','495hse.ru','pass495','2022-06-22 03:18:43',43),(496,'user496','496hse.ru','pass496','2022-06-22 03:18:43',51),(497,'user497','497hse.ru','pass497','2022-06-22 03:18:43',33),(498,'user498','498hse.ru','pass498','2022-06-22 03:18:43',48),(499,'user499','499hse.ru','pass499','2022-06-22 03:18:43',18),(500,'user500','500hse.ru','pass500','2022-06-22 03:18:43',37),(501,'user501','501hse.ru','pass501','2022-06-22 03:18:43',52),(502,'user502','502hse.ru','pass502','2022-06-22 03:18:43',33),(503,'user503','503hse.ru','pass503','2022-06-22 03:18:43',43),(504,'user504','504hse.ru','pass504','2022-06-22 03:18:43',33),(505,'user505','505hse.ru','pass505','2022-06-22 03:18:43',27),(506,'user506','506hse.ru','pass506','2022-06-22 03:18:43',26),(507,'user507','507hse.ru','pass507','2022-06-22 03:18:43',30),(508,'user508','508hse.ru','pass508','2022-06-22 03:18:43',24),(509,'user509','509hse.ru','pass509','2022-06-22 03:18:43',42),(510,'user510','510hse.ru','pass510','2022-06-22 03:18:43',42),(511,'user511','511hse.ru','pass511','2022-06-22 03:18:43',37),(512,'user512','512hse.ru','pass512','2022-06-22 03:18:43',33),(513,'user513','513hse.ru','pass513','2022-06-22 03:18:43',31),(514,'user514','514hse.ru','pass514','2022-06-22 03:18:43',43),(515,'user515','515hse.ru','pass515','2022-06-22 03:18:43',39),(516,'user516','516hse.ru','pass516','2022-06-22 03:18:43',33),(517,'user517','517hse.ru','pass517','2022-06-22 03:18:43',27),(518,'user518','518hse.ru','pass518','2022-06-22 03:18:43',29),(519,'user519','519hse.ru','pass519','2022-06-22 03:18:43',52),(520,'user520','520hse.ru','pass520','2022-06-22 03:18:43',28),(521,'user521','521hse.ru','pass521','2022-06-22 03:18:43',50),(522,'user522','522hse.ru','pass522','2022-06-22 03:18:43',22),(523,'user523','523hse.ru','pass523','2022-06-22 03:18:43',52),(524,'user524','524hse.ru','pass524','2022-06-22 03:18:43',26),(525,'user525','525hse.ru','pass525','2022-06-22 03:18:43',24),(526,'user526','526hse.ru','pass526','2022-06-22 03:18:43',19),(527,'user527','527hse.ru','pass527','2022-06-22 03:18:43',52),(528,'user528','528hse.ru','pass528','2022-06-22 03:18:43',24),(529,'user529','529hse.ru','pass529','2022-06-22 03:18:43',52),(530,'user530','530hse.ru','pass530','2022-06-22 03:18:43',47),(531,'user531','531hse.ru','pass531','2022-06-22 03:18:43',32),(532,'user532','532hse.ru','pass532','2022-06-22 03:18:43',43),(533,'user533','533hse.ru','pass533','2022-06-22 03:18:43',36),(534,'user534','534hse.ru','pass534','2022-06-22 03:18:43',27),(535,'user535','535hse.ru','pass535','2022-06-22 03:18:43',43),(536,'user536','536hse.ru','pass536','2022-06-22 03:18:43',18),(537,'user537','537hse.ru','pass537','2022-06-22 03:18:43',33),(538,'user538','538hse.ru','pass538','2022-06-22 03:18:43',18),(539,'user539','539hse.ru','pass539','2022-06-22 03:18:43',25),(540,'user540','540hse.ru','pass540','2022-06-22 03:18:43',23),(541,'user541','541hse.ru','pass541','2022-06-22 03:18:43',18),(542,'user542','542hse.ru','pass542','2022-06-22 03:18:43',46),(543,'user543','543hse.ru','pass543','2022-06-22 03:18:43',31),(544,'user544','544hse.ru','pass544','2022-06-22 03:18:43',27),(545,'user545','545hse.ru','pass545','2022-06-22 03:18:43',50),(546,'user546','546hse.ru','pass546','2022-06-22 03:18:43',29),(547,'user547','547hse.ru','pass547','2022-06-22 03:18:43',46),(548,'user548','548hse.ru','pass548','2022-06-22 03:18:43',24),(549,'user549','549hse.ru','pass549','2022-06-22 03:18:43',49),(550,'user550','550hse.ru','pass550','2022-06-22 03:18:43',43),(551,'user551','551hse.ru','pass551','2022-06-22 03:18:44',22),(552,'user552','552hse.ru','pass552','2022-06-22 03:18:44',26),(553,'user553','553hse.ru','pass553','2022-06-22 03:18:44',45),(554,'user554','554hse.ru','pass554','2022-06-22 03:18:44',41),(555,'user555','555hse.ru','pass555','2022-06-22 03:18:44',51),(556,'user556','556hse.ru','pass556','2022-06-22 03:18:44',46),(557,'user557','557hse.ru','pass557','2022-06-22 03:18:44',40),(558,'user558','558hse.ru','pass558','2022-06-22 03:18:44',28),(559,'user559','559hse.ru','pass559','2022-06-22 03:18:44',50),(560,'user560','560hse.ru','pass560','2022-06-22 03:18:44',24),(561,'user561','561hse.ru','pass561','2022-06-22 03:18:44',52),(562,'user562','562hse.ru','pass562','2022-06-22 03:18:44',40),(563,'user563','563hse.ru','pass563','2022-06-22 03:18:44',45),(564,'user564','564hse.ru','pass564','2022-06-22 03:18:44',48),(565,'user565','565hse.ru','pass565','2022-06-22 03:18:44',30),(566,'user566','566hse.ru','pass566','2022-06-22 03:18:44',18),(567,'user567','567hse.ru','pass567','2022-06-22 03:18:44',42),(568,'user568','568hse.ru','pass568','2022-06-22 03:18:44',26),(569,'user569','569hse.ru','pass569','2022-06-22 03:18:44',37),(570,'user570','570hse.ru','pass570','2022-06-22 03:18:44',46),(571,'user571','571hse.ru','pass571','2022-06-22 03:18:44',35),(572,'user572','572hse.ru','pass572','2022-06-22 03:18:44',45),(573,'user573','573hse.ru','pass573','2022-06-22 03:18:44',42),(574,'user574','574hse.ru','pass574','2022-06-22 03:18:44',46),(575,'user575','575hse.ru','pass575','2022-06-22 03:18:44',27),(576,'user576','576hse.ru','pass576','2022-06-22 03:18:44',24),(577,'user577','577hse.ru','pass577','2022-06-22 03:18:44',52),(578,'user578','578hse.ru','pass578','2022-06-22 03:18:44',20),(579,'user579','579hse.ru','pass579','2022-06-22 03:18:44',33),(580,'user580','580hse.ru','pass580','2022-06-22 03:18:44',19),(581,'user581','581hse.ru','pass581','2022-06-22 03:18:44',33),(582,'user582','582hse.ru','pass582','2022-06-22 03:18:44',47),(583,'user583','583hse.ru','pass583','2022-06-22 03:18:44',28),(584,'user584','584hse.ru','pass584','2022-06-22 03:18:44',35),(585,'user585','585hse.ru','pass585','2022-06-22 03:18:44',45),(586,'user586','586hse.ru','pass586','2022-06-22 03:18:44',45),(587,'user587','587hse.ru','pass587','2022-06-22 03:18:44',36),(588,'user588','588hse.ru','pass588','2022-06-22 03:18:44',47),(589,'user589','589hse.ru','pass589','2022-06-22 03:18:44',32),(590,'user590','590hse.ru','pass590','2022-06-22 03:18:44',26),(591,'user591','591hse.ru','pass591','2022-06-22 03:18:44',36),(592,'user592','592hse.ru','pass592','2022-06-22 03:18:44',39),(593,'user593','593hse.ru','pass593','2022-06-22 03:18:44',48),(594,'user594','594hse.ru','pass594','2022-06-22 03:18:44',18),(595,'user595','595hse.ru','pass595','2022-06-22 03:18:44',43),(596,'user596','596hse.ru','pass596','2022-06-22 03:18:44',37),(597,'user597','597hse.ru','pass597','2022-06-22 03:18:44',27),(598,'user598','598hse.ru','pass598','2022-06-22 03:18:44',26),(599,'user599','599hse.ru','pass599','2022-06-22 03:18:44',35),(600,'user600','600hse.ru','pass600','2022-06-22 03:18:44',47),(601,'user601','601hse.ru','pass601','2022-06-22 03:18:44',36),(602,'user602','602hse.ru','pass602','2022-06-22 03:18:44',50),(603,'user603','603hse.ru','pass603','2022-06-22 03:18:44',52),(604,'user604','604hse.ru','pass604','2022-06-22 03:18:44',42),(605,'user605','605hse.ru','pass605','2022-06-22 03:18:44',31),(606,'user606','606hse.ru','pass606','2022-06-22 03:18:44',37),(607,'user607','607hse.ru','pass607','2022-06-22 03:18:44',34),(608,'user608','608hse.ru','pass608','2022-06-22 03:18:44',37),(609,'user609','609hse.ru','pass609','2022-06-22 03:18:44',40),(610,'user610','610hse.ru','pass610','2022-06-22 03:18:44',21),(611,'user611','611hse.ru','pass611','2022-06-22 03:18:44',52),(612,'user612','612hse.ru','pass612','2022-06-22 03:18:44',25),(613,'user613','613hse.ru','pass613','2022-06-22 03:18:44',29),(614,'user614','614hse.ru','pass614','2022-06-22 03:18:44',31),(615,'user615','615hse.ru','pass615','2022-06-22 03:18:44',41),(616,'user616','616hse.ru','pass616','2022-06-22 03:18:44',44),(617,'user617','617hse.ru','pass617','2022-06-22 03:18:44',20),(618,'user618','618hse.ru','pass618','2022-06-22 03:18:44',28),(619,'user619','619hse.ru','pass619','2022-06-22 03:18:44',36),(620,'user620','620hse.ru','pass620','2022-06-22 03:18:44',42),(621,'user621','621hse.ru','pass621','2022-06-22 03:18:44',43),(622,'user622','622hse.ru','pass622','2022-06-22 03:18:44',22),(623,'user623','623hse.ru','pass623','2022-06-22 03:18:44',39),(624,'user624','624hse.ru','pass624','2022-06-22 03:18:44',43),(625,'user625','625hse.ru','pass625','2022-06-22 03:18:44',41),(626,'user626','626hse.ru','pass626','2022-06-22 03:18:44',21),(627,'user627','627hse.ru','pass627','2022-06-22 03:18:44',24),(628,'user628','628hse.ru','pass628','2022-06-22 03:18:44',18),(629,'user629','629hse.ru','pass629','2022-06-22 03:18:44',43),(630,'user630','630hse.ru','pass630','2022-06-22 03:18:44',32),(631,'user631','631hse.ru','pass631','2022-06-22 03:18:44',45),(632,'user632','632hse.ru','pass632','2022-06-22 03:18:44',24),(633,'user633','633hse.ru','pass633','2022-06-22 03:18:44',27),(634,'user634','634hse.ru','pass634','2022-06-22 03:18:44',40),(635,'user635','635hse.ru','pass635','2022-06-22 03:18:44',23),(636,'user636','636hse.ru','pass636','2022-06-22 03:18:44',31),(637,'user637','637hse.ru','pass637','2022-06-22 03:18:44',48),(638,'user638','638hse.ru','pass638','2022-06-22 03:18:44',34),(639,'user639','639hse.ru','pass639','2022-06-22 03:18:44',47),(640,'user640','640hse.ru','pass640','2022-06-22 03:18:44',36),(641,'user641','641hse.ru','pass641','2022-06-22 03:18:44',43),(642,'user642','642hse.ru','pass642','2022-06-22 03:18:44',44),(643,'user643','643hse.ru','pass643','2022-06-22 03:18:44',49),(644,'user644','644hse.ru','pass644','2022-06-22 03:18:44',18),(645,'user645','645hse.ru','pass645','2022-06-22 03:18:44',43),(646,'user646','646hse.ru','pass646','2022-06-22 03:18:44',39),(647,'user647','647hse.ru','pass647','2022-06-22 03:18:44',48),(648,'user648','648hse.ru','pass648','2022-06-22 03:18:44',27),(649,'user649','649hse.ru','pass649','2022-06-22 03:18:44',49),(650,'user650','650hse.ru','pass650','2022-06-22 03:18:44',44),(651,'user651','651hse.ru','pass651','2022-06-22 03:18:44',43),(652,'user652','652hse.ru','pass652','2022-06-22 03:18:44',29),(653,'user653','653hse.ru','pass653','2022-06-22 03:18:44',44),(654,'user654','654hse.ru','pass654','2022-06-22 03:18:44',27),(655,'user655','655hse.ru','pass655','2022-06-22 03:18:44',37),(656,'user656','656hse.ru','pass656','2022-06-22 03:18:44',21),(657,'user657','657hse.ru','pass657','2022-06-22 03:18:44',29),(658,'user658','658hse.ru','pass658','2022-06-22 03:18:44',28),(659,'user659','659hse.ru','pass659','2022-06-22 03:18:44',24),(660,'user660','660hse.ru','pass660','2022-06-22 03:18:44',39),(661,'user661','661hse.ru','pass661','2022-06-22 03:18:44',50),(662,'user662','662hse.ru','pass662','2022-06-22 03:18:44',29),(663,'user663','663hse.ru','pass663','2022-06-22 03:18:44',48),(664,'user664','664hse.ru','pass664','2022-06-22 03:18:44',42),(665,'user665','665hse.ru','pass665','2022-06-22 03:18:44',36),(666,'user666','666hse.ru','pass666','2022-06-22 03:18:44',41),(667,'user667','667hse.ru','pass667','2022-06-22 03:18:44',40),(668,'user668','668hse.ru','pass668','2022-06-22 03:18:44',23),(669,'user669','669hse.ru','pass669','2022-06-22 03:18:44',35),(670,'user670','670hse.ru','pass670','2022-06-22 03:18:44',35),(671,'user671','671hse.ru','pass671','2022-06-22 03:18:44',37),(672,'user672','672hse.ru','pass672','2022-06-22 03:18:44',29),(673,'user673','673hse.ru','pass673','2022-06-22 03:18:44',23),(674,'user674','674hse.ru','pass674','2022-06-22 03:18:44',19),(675,'user675','675hse.ru','pass675','2022-06-22 03:18:44',31),(676,'user676','676hse.ru','pass676','2022-06-22 03:18:44',34),(677,'user677','677hse.ru','pass677','2022-06-22 03:18:45',49),(678,'user678','678hse.ru','pass678','2022-06-22 03:18:45',41),(679,'user679','679hse.ru','pass679','2022-06-22 03:18:45',37),(680,'user680','680hse.ru','pass680','2022-06-22 03:18:45',21),(681,'user681','681hse.ru','pass681','2022-06-22 03:18:45',34),(682,'user682','682hse.ru','pass682','2022-06-22 03:18:45',37),(683,'user683','683hse.ru','pass683','2022-06-22 03:18:45',30),(684,'user684','684hse.ru','pass684','2022-06-22 03:18:45',34),(685,'user685','685hse.ru','pass685','2022-06-22 03:18:45',19),(686,'user686','686hse.ru','pass686','2022-06-22 03:18:45',40),(687,'user687','687hse.ru','pass687','2022-06-22 03:18:45',19),(688,'user688','688hse.ru','pass688','2022-06-22 03:18:45',45),(689,'user689','689hse.ru','pass689','2022-06-22 03:18:45',33),(690,'user690','690hse.ru','pass690','2022-06-22 03:18:45',47),(691,'user691','691hse.ru','pass691','2022-06-22 03:18:45',48),(692,'user692','692hse.ru','pass692','2022-06-22 03:18:45',33),(693,'user693','693hse.ru','pass693','2022-06-22 03:18:45',19),(694,'user694','694hse.ru','pass694','2022-06-22 03:18:45',19),(695,'user695','695hse.ru','pass695','2022-06-22 03:18:45',28),(696,'user696','696hse.ru','pass696','2022-06-22 03:18:45',27),(697,'user697','697hse.ru','pass697','2022-06-22 03:18:45',33),(698,'user698','698hse.ru','pass698','2022-06-22 03:18:45',49),(699,'user699','699hse.ru','pass699','2022-06-22 03:18:45',19),(700,'user700','700hse.ru','pass700','2022-06-22 03:18:45',46),(701,'user701','701hse.ru','pass701','2022-06-22 03:18:45',21),(702,'user702','702hse.ru','pass702','2022-06-22 03:18:45',23),(703,'user703','703hse.ru','pass703','2022-06-22 03:18:45',29),(704,'user704','704hse.ru','pass704','2022-06-22 03:18:45',51),(705,'user705','705hse.ru','pass705','2022-06-22 03:18:45',32),(706,'user706','706hse.ru','pass706','2022-06-22 03:18:45',29),(707,'user707','707hse.ru','pass707','2022-06-22 03:18:45',35),(708,'user708','708hse.ru','pass708','2022-06-22 03:18:45',33),(709,'user709','709hse.ru','pass709','2022-06-22 03:18:45',35),(710,'user710','710hse.ru','pass710','2022-06-22 03:18:45',37),(711,'user711','711hse.ru','pass711','2022-06-22 03:18:45',30),(712,'user712','712hse.ru','pass712','2022-06-22 03:18:45',33),(713,'user713','713hse.ru','pass713','2022-06-22 03:18:45',39),(714,'user714','714hse.ru','pass714','2022-06-22 03:18:45',31),(715,'user715','715hse.ru','pass715','2022-06-22 03:18:45',39),(716,'user716','716hse.ru','pass716','2022-06-22 03:18:45',29),(717,'user717','717hse.ru','pass717','2022-06-22 03:18:45',26),(718,'user718','718hse.ru','pass718','2022-06-22 03:18:45',41),(719,'user719','719hse.ru','pass719','2022-06-22 03:18:45',42),(720,'user720','720hse.ru','pass720','2022-06-22 03:18:45',37),(721,'user721','721hse.ru','pass721','2022-06-22 03:18:45',23),(722,'user722','722hse.ru','pass722','2022-06-22 03:18:45',24),(723,'user723','723hse.ru','pass723','2022-06-22 03:18:45',44),(724,'user724','724hse.ru','pass724','2022-06-22 03:18:45',36),(725,'user725','725hse.ru','pass725','2022-06-22 03:18:45',38),(726,'user726','726hse.ru','pass726','2022-06-22 03:18:45',32),(727,'user727','727hse.ru','pass727','2022-06-22 03:18:45',28),(728,'user728','728hse.ru','pass728','2022-06-22 03:18:45',40),(729,'user729','729hse.ru','pass729','2022-06-22 03:18:45',29),(730,'user730','730hse.ru','pass730','2022-06-22 03:18:45',25),(731,'user731','731hse.ru','pass731','2022-06-22 03:18:45',32),(732,'user732','732hse.ru','pass732','2022-06-22 03:18:45',38),(733,'user733','733hse.ru','pass733','2022-06-22 03:18:45',36),(734,'user734','734hse.ru','pass734','2022-06-22 03:18:45',38),(735,'user735','735hse.ru','pass735','2022-06-22 03:18:45',22),(736,'user736','736hse.ru','pass736','2022-06-22 03:18:45',23),(737,'user737','737hse.ru','pass737','2022-06-22 03:18:45',40),(738,'user738','738hse.ru','pass738','2022-06-22 03:18:45',21),(739,'user739','739hse.ru','pass739','2022-06-22 03:18:45',22),(740,'user740','740hse.ru','pass740','2022-06-22 03:18:45',38),(741,'user741','741hse.ru','pass741','2022-06-22 03:18:45',24),(742,'user742','742hse.ru','pass742','2022-06-22 03:18:45',33),(743,'user743','743hse.ru','pass743','2022-06-22 03:18:45',31),(744,'user744','744hse.ru','pass744','2022-06-22 03:18:45',21),(745,'user745','745hse.ru','pass745','2022-06-22 03:18:45',43),(746,'user746','746hse.ru','pass746','2022-06-22 03:18:45',31),(747,'user747','747hse.ru','pass747','2022-06-22 03:18:45',26),(748,'user748','748hse.ru','pass748','2022-06-22 03:18:45',43),(749,'user749','749hse.ru','pass749','2022-06-22 03:18:45',24),(757,'testuser',NULL,'test','2022-06-22 03:27:02',14),(758,'user',NULL,'pass','2022-06-22 03:28:50',-1),(759,'root',NULL,'$2y$10$WCldT99CjwcXXaHlA4Ih7eFE1cGoEgAS6qSYxiTxIckN70bsYScOa','2022-06-22 04:06:57',-1),(760,'root2',NULL,'$2y$10$69bTiiNh.t.S3kXrbkuQJunIwYCmfIw/HLnXI1qqrL6CTiE4mPgEC','2022-06-22 05:14:24',-1);
/*!40000 ALTER TABLE `user` ENABLE KEYS */;
UNLOCK TABLES;

--
-- Table structure for table `user_chat`
--

DROP TABLE IF EXISTS `user_chat`;
/*!40101 SET @saved_cs_client     = @@character_set_client */;
/*!50503 SET character_set_client = utf8mb4 */;
CREATE TABLE `user_chat` (
  `user_id` int NOT NULL AUTO_INCREMENT,
  `chat_id` int NOT NULL,
  PRIMARY KEY (`user_id`,`chat_id`),
  KEY `fk_user_has_chat_chat1_idx` (`chat_id`),
  KEY `fk_user_has_chat_user_idx` (`user_id`),
  CONSTRAINT `fk_user_has_chat_chat1` FOREIGN KEY (`chat_id`) REFERENCES `chat` (`id`),
  CONSTRAINT `fk_user_has_chat_user` FOREIGN KEY (`user_id`) REFERENCES `user` (`id`)
) ENGINE=InnoDB AUTO_INCREMENT=750 DEFAULT CHARSET=utf8mb4 COLLATE=utf8mb4_0900_ai_ci;
/*!40101 SET character_set_client = @saved_cs_client */;

--
-- Dumping data for table `user_chat`
--

LOCK TABLES `user_chat` WRITE;
/*!40000 ALTER TABLE `user_chat` DISABLE KEYS */;
INSERT INTO `user_chat` VALUES (1,1),(310,1),(608,2),(439,5),(679,5),(261,6),(365,8),(11,9),(699,9),(733,9),(371,10),(473,10),(481,11),(526,12),(117,14),(737,14),(438,15),(630,15),(660,15),(648,16),(110,17),(318,17),(527,17),(15,18),(587,18),(733,18),(429,20),(273,23),(97,24),(334,26),(624,26),(300,28),(402,28),(723,30),(553,31),(498,32),(677,32),(312,33),(606,33),(621,33),(623,33),(125,34),(288,34),(745,34),(567,35),(166,36),(202,36),(723,36),(226,37),(145,39),(225,39),(38,41),(178,41),(667,42),(190,43),(442,43),(645,43),(680,43),(375,44),(380,44),(531,44),(280,45),(550,46),(663,46),(255,47),(341,47),(504,47),(284,48),(606,48),(20,49),(72,50),(291,51),(530,53),(254,54),(626,54),(627,55),(296,56),(556,56),(362,57),(449,57),(662,57),(651,58),(660,58),(423,60),(253,61),(431,61),(453,64),(79,65),(464,66),(244,67),(251,67),(667,68),(299,69),(383,69),(702,70),(664,71),(594,72),(6,73),(706,73),(662,74),(743,74),(514,76),(737,76),(174,79),(737,79),(579,80),(28,81),(202,82),(575,83),(588,83),(322,86),(540,86),(39,87),(682,87),(457,89),(59,90),(288,92),(46,93),(163,93),(634,93),(499,95),(381,96),(233,98),(732,98),(593,99),(374,100),(217,101),(21,102),(61,103),(351,105),(475,105),(538,108),(135,111),(374,111),(259,112),(520,112),(137,113),(544,113),(132,115),(246,116),(283,116),(532,116),(119,117),(15,118),(454,119),(29,120),(417,121),(744,121),(629,122),(179,123),(355,124),(647,124),(740,125),(609,127),(427,128),(160,130),(475,130),(572,132),(281,133),(495,134),(719,135),(20,136),(146,136),(9,137),(492,137),(14,139),(496,139),(547,140),(269,141),(512,141),(525,141),(557,141),(385,143),(481,144),(138,145),(336,146),(719,148),(171,150),(423,152),(546,153),(53,154),(158,154),(204,156),(730,156),(688,157),(32,159),(554,159),(677,159),(431,160),(81,161),(304,161),(71,162),(83,162),(249,162),(727,162),(348,164),(261,165),(176,166),(480,166),(616,166),(471,167),(130,168),(240,168),(642,169),(147,170),(492,170),(615,170),(474,171),(388,172),(461,172),(60,173),(586,173),(436,174),(389,175),(552,175),(653,175),(669,175),(507,176),(747,177),(157,178),(86,179),(350,179),(69,180),(514,181),(565,182),(10,183),(632,183),(398,185),(100,188),(136,188),(194,188),(696,189),(688,190),(722,191),(253,193),(639,193),(493,194),(485,195),(565,195),(625,195),(23,196),(71,197),(252,197),(337,197),(542,197),(180,198),(142,199),(344,199),(740,199),(70,200),(314,200),(246,201),(718,202),(129,206),(185,206),(50,208),(138,208),(293,208),(303,208),(418,208),(462,208),(474,208),(328,210),(17,211),(229,211),(748,213),(361,214),(444,214),(502,215),(738,217),(67,218),(207,219),(736,221),(365,222),(731,222),(25,223),(307,224),(441,224),(628,226),(540,231),(725,231),(105,232),(569,232),(103,233),(631,233),(114,235),(377,238),(715,238),(226,242),(724,242),(8,243),(488,244),(100,247),(241,247),(55,248),(736,248),(509,249),(573,250),(466,251),(34,253),(40,253),(315,254),(393,254),(42,257),(92,258),(435,258),(267,259),(525,260),(558,261),(630,261),(277,262),(412,263),(165,264),(445,264),(265,265),(319,265),(559,265),(589,265),(695,265),(207,266),(563,266),(711,266),(391,267),(173,269),(501,269),(340,270),(174,271),(525,272),(279,273),(692,273),(735,273),(327,274),(63,275),(177,277),(464,277),(388,279),(551,279),(698,280),(409,281),(187,282),(364,283),(720,283),(196,285),(627,286),(343,287),(415,287),(568,287),(90,291),(640,291),(220,292),(742,294),(147,295),(155,295),(141,296),(138,297),(588,297),(17,299),(35,299),(244,299),(152,300),(654,300),(687,300),(681,301),(89,302),(104,302),(722,302),(734,302),(84,303),(518,303),(247,304),(429,304),(549,304),(89,305),(250,305),(326,305),(184,306),(659,306),(208,308),(395,308),(555,308),(492,309),(51,310),(230,311),(543,311),(552,312),(309,314),(124,315),(619,316),(68,318),(542,319),(93,320),(230,320),(396,321),(5,323),(23,324),(80,324),(450,324),(501,327),(631,327),(681,328),(471,329),(105,331),(410,333),(689,333),(746,333),(154,335),(171,335),(519,336),(615,338),(341,339),(168,340),(342,341),(163,342),(264,342),(306,343),(478,343),(269,345),(96,347),(432,349),(455,350),(413,352),(111,353),(290,353),(624,354),(493,355),(595,355),(427,356),(365,357),(543,357),(652,357),(104,359),(484,360),(603,360),(106,362),(186,362),(518,362),(641,362),(140,363),(170,365),(607,365),(496,366),(665,366),(507,368),(397,371),(391,372),(506,372),(631,373),(214,374),(487,375),(268,376),(594,376),(287,378),(319,378),(726,378),(324,380),(474,380),(155,381),(181,382),(513,382),(574,382),(586,382),(596,382),(196,383),(670,383),(130,384),(3,385),(125,385),(60,386),(414,386),(217,387),(683,387),(103,391),(297,391),(485,391),(88,392),(585,392),(239,393),(731,395),(436,396),(746,396),(724,397),(258,398),(289,399),(327,400),(1,402),(68,402),(189,403),(198,403),(325,403),(461,403),(499,406),(636,406),(183,408),(688,408),(694,408),(439,409),(674,410),(313,411),(730,412),(195,413),(652,415),(567,416),(393,417),(372,418),(416,418),(721,418),(225,419),(288,419),(666,419),(434,420),(249,423),(400,423),(4,425),(40,426),(245,426),(390,427),(538,427),(219,429),(528,430),(108,431),(209,431),(237,431),(573,432),(410,433),(589,433),(629,433),(562,434),(61,436),(605,436),(2,439),(216,440),(470,440),(146,441),(458,444),(230,445),(367,445),(397,446),(229,448),(283,449),(291,449),(441,450),(11,452),(744,452),(136,453),(584,453),(83,456),(333,456),(546,456),(164,457),(633,457),(91,458),(693,458),(671,459),(281,460),(500,460),(714,460),(73,461),(537,461),(131,464),(258,464),(121,465),(379,465),(468,465),(314,466),(669,466),(6,467),(599,467),(642,467),(433,469),(445,469),(728,469),(253,470),(673,471),(698,471),(473,472),(619,472),(749,472),(504,473),(19,474),(747,474),(28,475),(49,475),(190,475),(143,476),(636,478),(360,480),(205,481),(568,481),(260,482),(305,482),(425,482),(546,482),(666,482),(287,483),(342,483),(555,483),(591,483),(169,485),(502,486),(84,487),(435,487),(656,489),(334,490),(502,490),(97,492),(50,493),(344,493),(657,498),(280,501),(430,503),(167,505),(442,505),(632,505),(128,506),(41,508),(57,508),(7,509),(37,509),(343,509),(699,509),(639,510),(56,511),(311,511),(95,512),(420,512),(551,512),(114,513),(238,513),(364,513),(656,513),(568,514),(46,515),(640,515),(663,516),(523,517),(583,518),(267,520),(682,521),(313,522),(318,522),(540,523),(98,524),(186,525),(445,526),(745,526),(527,527),(535,527),(164,528),(195,529),(419,529),(556,529),(669,529),(57,530),(127,530),(452,530),(329,531),(415,531),(54,532),(439,532),(557,532),(330,533),(505,533),(440,534),(193,536),(271,537),(587,537),(638,538),(479,539),(150,540),(470,541),(496,542),(621,543),(222,544),(132,545),(126,548),(255,548),(580,548),(634,548),(27,549),(377,550),(646,552),(317,555),(425,555),(371,556),(13,557),(505,558),(232,562),(733,563),(36,564),(187,564),(644,564),(622,566),(682,566),(290,567),(375,567),(471,567),(649,567),(590,568),(350,569),(325,571),(587,571),(593,572),(526,573),(539,573),(592,574),(617,574),(72,575),(98,575),(232,575),(209,577),(241,578),(123,579),(718,579),(199,580),(342,580),(720,580),(25,581),(71,582),(391,582),(19,584),(384,584),(472,585),(531,585),(590,585),(459,586),(364,587),(348,588),(569,588),(685,588),(696,588),(247,589),(604,589),(205,591),(307,591),(337,592),(170,593),(571,593),(30,595),(703,596),(621,597),(237,598),(585,598),(46,599),(732,599),(139,601),(278,602),(602,602),(151,603),(31,604),(563,605),(563,606),(594,606),(628,606),(645,606),(716,607),(346,608),(142,611),(296,611),(418,611),(735,611),(315,613),(354,613),(499,613),(347,614),(194,616),(226,616),(691,616),(605,618),(749,618),(626,621),(360,623),(181,624),(690,624),(221,625),(398,625),(373,626),(28,627),(601,627),(420,628),(227,629),(521,629),(69,630),(717,630),(92,631),(392,631),(528,631),(592,636),(178,637),(457,637),(340,639),(497,639),(614,640),(440,641),(645,642),(17,644),(242,645),(742,646),(709,648),(628,650),(448,651),(459,653),(539,654),(332,655),(504,656),(533,656),(673,656),(257,657),(281,657),(154,658),(542,658),(702,658),(332,659),(376,659),(380,659),(93,661),(564,661),(43,663),(172,663),(432,664),(541,664),(691,664),(95,665),(575,665),(662,667),(255,669),(651,670),(686,670),(423,671),(436,671),(586,673),(551,676),(742,676),(562,677),(279,678),(372,678),(734,678),(92,679),(236,681),(456,681),(137,682),(605,682),(26,683),(271,683),(722,683),(18,684),(327,684),(335,684),(457,684),(384,685),(466,685),(223,686),(560,687),(109,688),(701,688),(715,688),(345,689),(34,693),(93,694),(367,694),(623,694),(696,695),(244,696),(516,697),(667,697),(32,698),(726,698),(179,701),(263,701),(194,702),(97,703),(293,704),(336,704),(118,705),(386,705),(517,705),(1,706),(39,706),(318,706),(322,707),(40,708),(62,708),(204,708),(302,710),(38,713),(537,713),(44,716),(746,716),(65,719),(408,720),(450,721),(123,722),(616,722),(707,722),(455,723),(520,723),(703,723),(424,724),(569,725),(672,725),(65,727),(635,727),(330,738),(468,738),(619,739),(196,743),(155,744),(714,744),(686,745),(91,747),(449,748),(677,749);
/*!40000 ALTER TABLE `user_chat` ENABLE KEYS */;
UNLOCK TABLES;
/*!40103 SET TIME_ZONE=@OLD_TIME_ZONE */;

/*!40101 SET SQL_MODE=@OLD_SQL_MODE */;
/*!40014 SET FOREIGN_KEY_CHECKS=@OLD_FOREIGN_KEY_CHECKS */;
/*!40014 SET UNIQUE_CHECKS=@OLD_UNIQUE_CHECKS */;
/*!40101 SET CHARACTER_SET_CLIENT=@OLD_CHARACTER_SET_CLIENT */;
/*!40101 SET CHARACTER_SET_RESULTS=@OLD_CHARACTER_SET_RESULTS */;
/*!40101 SET COLLATION_CONNECTION=@OLD_COLLATION_CONNECTION */;
/*!40111 SET SQL_NOTES=@OLD_SQL_NOTES */;

-- Dump completed on 2022-06-22  9:15:24
